time,x_world,y_world,z_world
38.985,-0.34488663992868746,0.031623946912795284,-0.1418348875795636
39.01833333333334,-0.3566727453413108,0.013786909941801968,-0.1228476578986787
39.05166666666667,-0.3532723421760428,0.013486724215127553,-0.12066060402179266
39.085,-0.3531750112695453,0.01406578700365348,-0.12019292321628444
39.11833333333335,-0.3567712009065984,0.011831023104358747,-0.12270180248305965
39.15166666666667,-0.3560670529060659,0.011563708506837913,-0.12417001342126258
39.185,-0.3575359339326058,0.011027785852564875,-0.12489914891373094
39.218333333333334,-0.3562030682723827,0.0110772080787449,-0.12564680779040072
39.25166666666667,-0.3573812765080753,0.011245397024811818,-0.12575581742550862
39.28500000000001,-0.35655361297622884,0.01082901825972547,-0.12502796620119197
39.318333333333335,-0.354496967627037,0.011884993325225348,-0.12081587319301021
39.35166666666667,-0.34661098551575587,0.028017070195415036,-0.14652639365076797
39.385000000000005,-0.35761627945842844,0.010586933425237253,-0.12572470629985902
39.41833333333334,-0.3661542958927823,0.022804062166057133,-0.12853102367684327
39.45166666666667,-0.3526713969025111,0.011397117851746017,-0.12132415848196766
39.485,-0.3561254507513687,0.011120583764153038,-0.12534316086428518
39.51833333333334,-0.3419012903901474,0.02883220560919831,-0.14440584317540142
39.55166666666667,-0.3558433934152511,0.011332162938395658,-0.1262242411714843
39.585,-0.35439847293613114,0.011262434560191735,-0.12555696592266524
39.61833333333335,-0.3580123613591119,0.00956907188151322,-0.12874256144820384
39.65166666666667,-0.34601060972402137,0.027515354974801412,-0.1465649968768242
39.685,-0.367811831790867,0.020519107857211685,-0.13329842197640024
39.718333333333334,-0.34475189898610187,0.02682485326251377,-0.14714522270142555
39.75166666666667,-0.3418932905959478,0.028383498989032904,-0.14525455481276262
39.78500000000001,-0.3426434838476988,0.028362703387261604,-0.14699618273577367
39.818333333333335,-0.3579951719735733,0.008424156749926217,-0.1297556809117995
39.85166666666667,-0.3560579276215173,0.008288940912007249,-0.12904204452750448
39.885000000000005,-0.3567402632212295,0.008632332517647312,-0.12920261977843436
39.91833333333334,-0.3518822555222848,0.010625993965345124,-0.12281150831929963
39.95166666666667,-0.35188567224566564,0.010366744324869582,-0.1219824404283116
39.985,-0.35188102278930045,0.010178927860537063,-0.12183615830860593
40.01833333333334,-0.3499039990132347,0.01085042726405042,-0.12183601494302343
40.05166666666667,-0.35059024558649987,0.011107046749866019,-0.12200480199284232
40.085,-0.3476076157716693,0.0107985304998763,-0.12108618296034097
40.11833333333335,-0.34661932058062694,0.010526537427778218,-0.12041538285499144
40.15166666666667,-0.34917175722377114,0.014788993328556484,-0.11706328457406923
40.185,,,
40.218333333333334,-0.34743018575089946,0.016578482506385477,-0.11380598846175642
40.25166666666667,-0.3442376463145327,0.01647717698870902,-0.11186467810822182
40.28500000000001,,,
40.318333333333335,,,
40.35166666666667,-0.3462260135154828,0.01959285879704171,-0.10934678017352235
40.385000000000005,-0.3471597316727263,0.01854072375520051,-0.10990663743930201
40.41833333333334,-0.3474647556781325,0.019365398519638928,-0.10939262675875361
40.45166666666667,-0.3484641100494935,0.019157672260810773,-0.11030810824021343
40.485,-0.34737882383807445,0.020765640578301846,-0.10865083379430286
40.51833333333334,-0.3469736935769836,0.02020868914081366,-0.10905735642627909
40.55166666666667,-0.3487727501534579,0.020037773739247422,-0.11024882518750526
40.585,-0.3487897327636851,0.01971161576459821,-0.11103130561616238
40.61833333333335,-0.34804371678945945,0.019618764692158015,-0.11008770295164429
40.65166666666667,-0.3481762367244407,0.02014754437555786,-0.10976104198289076
40.685,-0.34749558736968816,0.02038304671348058,-0.1093269586137185
40.718333333333334,-0.34729538973163687,0.020589264644056603,-0.10891548600458853
40.75166666666667,-0.34859440838105227,0.02005451544193431,-0.11099630257121396
40.78500000000001,-0.35790700341538195,0.02206109043273073,-0.10775981997446629
40.818333333333335,-0.35790178008807555,0.023553411454915754,-0.1069268507175133
40.85166666666667,-0.34773556575200987,0.01880218253992705,-0.11022357066752662
40.885000000000005,-0.34805696190136065,0.019890455116163927,-0.11125447725109451
40.91833333333334,-0.3484678893657293,0.02013829786529468,-0.11180787361583927
40.95166666666667,-0.3488382708704105,0.020057755776569687,-0.11154634595759982
40.985,-0.3487145261287553,0.020853128438189112,-0.11072417707391091
41.01833333333334,-0.3500622916258069,0.020666413532911092,-0.11161796532366403
41.05166666666667,-0.34755910600327106,0.02165839739002507,-0.10954446314373438
41.085,-0.3491009053613128,0.020953603721061094,-0.10989467541876483
41.11833333333335,-0.350131958039247,0.0203714799257665,-0.11186496607820545
41.15166666666667,-0.3510628836335164,0.019902155018204016,-0.11294879572196491
41.185,-0.34872230098896057,0.021001223962360975,-0.11096832379904087
41.218333333333334,-0.3471416745871643,0.02215477538041906,-0.10949109118288261
41.25166666666667,-0.35444463765615997,0.0241312985980216,-0.10534677693698999
41.28500000000001,-0.35642245730737515,0.023758607895933707,-0.10677896116496498
41.318333333333335,-0.34873231275216576,0.02069627052937611,-0.11170375217985738
41.35166666666667,-0.34766027065484056,0.02140682075079605,-0.11091859173824231
41.385000000000005,-0.34913357906442993,0.02193136402981942,-0.11057829584838456
41.41833333333334,-0.3482293424693607,0.02012571596916196,-0.11108931450535904
41.45166666666667,-0.3495816397904492,0.020410765199013345,-0.11149653734452013
41.485,-0.3492368622181513,0.02068355167968259,-0.11091121698714601
41.51833333333334,-0.3550299241903731,0.023322280893079122,-0.10454766298932364
41.55166666666667,-0.35597381253197274,0.023603254433291875,-0.104746176440324
41.586666666666666,-0.3457977510083782,0.021491622278211244,-0.10517905129746523
41.620000000000005,-0.3462860458866794,0.021638874504096076,-0.10425192240665418
41.653333333333336,-0.3540462768253331,0.023477414637155143,-0.0983604584641401
41.68666666666667,-0.35231622971110715,0.02546468622329616,-0.09419285172516541
41.720000000000006,-0.34914625697581714,0.027227955417814264,-0.08891543449455319
41.75333333333334,-0.3413670540529982,0.024367630834843765,-0.09077201625313583
41.78666666666667,-0.34281007315163287,0.02542050865261638,-0.08785671698265037
41.82,-0.3429445194741934,0.026249701115912325,-0.08384408065657054
41.85333333333334,,,
41.88666666666667,-0.350883524965704,0.030089688486026528,-0.07800430559194266
41.92,-0.3517588035871412,0.0302305779092554,-0.07588319745907142
41.95333333333333,-0.3436850925740871,0.02815121684834069,-0.07763098241785038
41.98666666666667,-0.34999272116449276,0.03276337799774366,-0.071202389381553
42.02,-0.34771220660575725,0.0338160825543246,-0.06771931928000566
42.053333333333335,-0.348021137662256,0.03300449896705242,-0.06661958815088678
42.086666666666666,-0.34091493789764704,0.03318310938604737,-0.06708743273547399
42.120000000000005,-0.3458575918305475,0.0367413850231659,-0.06029634427847192
42.153333333333336,-0.3421829191115368,0.034510694837381416,-0.06442207126203146
42.18666666666667,-0.3473357986445098,0.038176739726276644,-0.05940764937369182
42.220000000000006,-0.3447168218200012,0.03530370682617038,-0.061700774255489435
42.25333333333334,-0.3484174500895049,0.03959646327255679,-0.055509710332551324
42.28666666666667,-0.3423905933385585,0.038277865923448645,-0.05637083600835524
42.32,-0.34290920531772473,0.038564754071751424,-0.05492690543058225
42.35333333333334,-0.34084086415720777,0.04018828551048375,-0.05134226141845431
42.38666666666667,-0.34224793099847095,0.04063706699118052,-0.04991635025222381
42.42,-0.3446825796892398,0.041036974328748914,-0.04995176735798986
42.45333333333333,,,
42.48666666666667,-0.3412812105844331,0.04329975104955906,-0.04177530343668739
42.52,-0.3404532233648192,0.04407718555253215,-0.03926666019596338
42.553333333333335,-0.3417849684806818,0.04484970582185229,-0.03726328921572759
42.586666666666666,-0.343815359644189,0.049101667987584675,-0.032109763320076076
42.620000000000005,-0.3431888614691938,0.045737444988477684,-0.03339044779085218
42.653333333333336,-0.34432375549795946,0.050226597260937755,-0.02685739610123558
42.68666666666667,-0.3414616428345937,0.047536718496472806,-0.027818057964026692
42.720000000000006,-0.34339156451081154,0.05212529183455578,-0.021945879304302817
42.75333333333334,-0.3431780247287343,0.05394280869190475,-0.019582834303295653
42.78666666666667,-0.3431256752789515,0.0493565337372933,-0.02284229478025238
42.82,-0.341637174407958,0.0554985941597359,-0.015122303038052738
42.85333333333334,-0.34192868450146685,0.0511380984460561,-0.01936275939043981
42.88666666666667,-0.33943196098198375,0.05707575369939358,-0.011291582402254276
42.92,-0.3410067634005953,0.057772818885458044,-0.010323274142034801
42.95333333333333,-0.3432287009785184,0.057306405463827564,-0.00935767315355869
42.98666666666667,-0.3435228224541847,0.052574066002808506,-0.013654662565780604
43.02,-0.3415719954737477,0.05886835731989799,-0.005085215587339511
43.053333333333335,-0.3415099093852632,0.05524671485291286,-0.007474918524828969
43.086666666666666,-0.3391006749699484,0.06020967079143849,-0.0002232005380476687
43.120000000000005,-0.34251345800844885,0.05976332546829509,-0.0019581395947886604
43.153333333333336,-0.3415838047844815,0.06022408891659582,0.0010164499400805577
43.18666666666667,-0.34386093045769417,0.05959191907747971,0.001929369767186908
43.220000000000006,-0.3427498921356193,0.06058287081317139,0.008141185406598094
43.25333333333334,-0.34109899620548534,0.056039640208466114,0.006263043498533551
43.28666666666667,-0.33923070293909535,0.06281891304856423,0.0140726520732921
43.32,-0.34143312047583196,0.06221222268161947,0.013449108788262828
43.35333333333334,-0.34144728669789587,0.06313801278221164,0.015756392220911096
43.38666666666667,-0.34011334856193504,0.06381231134048321,0.017917578301049973
43.42,-0.3380394134513282,0.05965573575801881,0.01808382820599344
43.45333333333333,-0.33828843026006233,0.06008709427675227,0.020046063025273862
43.48666666666667,-0.33725087919577057,0.06061892240787731,0.022715133183605348
43.52,,,
43.553333333333335,,,
43.586666666666666,-0.33662553080075747,0.06889816713180384,0.03540426854409931
43.620000000000005,-0.3366970391340927,0.0692129407023948,0.037570517977939866
43.653333333333336,-0.335300114932786,0.07087325819170875,0.04075290684838974
43.68666666666667,,,
43.720000000000006,,,
43.75333333333334,,,
43.78666666666667,,,
43.82,,,
43.85333333333334,,,
43.88666666666667,,,
43.92,,,
43.95333333333333,,,
43.98666666666667,,,
44.02,,,
44.053333333333335,,,
44.086666666666666,,,
44.120000000000005,,,
44.153333333333336,,,
44.18666666666667,,,
44.220000000000006,,,
44.25333333333334,,,
44.28666666666667,,,
44.32,,,
44.35333333333334,,,
44.38666666666667,,,
44.42,,,
44.45333333333333,,,
44.48666666666667,,,
44.52,,,
44.553333333333335,,,
44.586666666666666,,,
44.620000000000005,,,
44.653333333333336,,,
44.68666666666667,,,
44.720000000000006,,,
44.75333333333334,,,
44.78666666666667,,,
44.82,,,
44.85333333333334,,,
44.88666666666667,,,
44.92,,,
44.95333333333333,,,
44.98666666666667,,,
45.02,,,
45.053333333333335,,,
45.08666666666667,-0.3087011964801031,0.11468154404255351,0.10654086372793964
45.120000000000005,-0.3014100774700866,0.1281460508790966,0.11162171542896414
45.153333333333336,,,
45.18666666666667,,,
45.22166666666667,,,
45.255,,,
45.288333333333334,,,
45.32166666666667,,,
45.355000000000004,,,
45.388333333333335,,,
45.42166666666667,,,
45.455000000000005,,,
45.48833333333334,,,
45.52166666666667,,,
45.555,,,
45.58833333333334,,,
45.62166666666667,,,
45.655,,,
45.68833333333334,,,
45.72166666666667,,,
45.755,,,
45.788333333333334,,,
45.82166666666667,,,
45.855000000000004,,,
45.888333333333335,,,
45.92166666666667,,,
45.955000000000005,,,
45.98833333333334,,,
46.02166666666667,-0.3216424947270409,0.20330729587203775,0.027677853006316887
46.055,,,
46.08833333333334,,,
46.12166666666667,,,
46.155,,,
46.18833333333334,,,
46.22166666666667,-0.31886823433433537,0.22232887793209144,0.019638715404597606
46.255,,,
46.288333333333334,-0.3276105278336665,0.22067971366718503,0.018078109951855218
46.32166666666667,-0.3298828794899035,0.22374709907524457,0.01587066819540838
46.355000000000004,-0.33167708031040316,0.22569295650465296,0.01369518695320221
46.388333333333335,,,
46.42166666666667,,,
46.455000000000005,,,
46.48833333333334,,,
46.52166666666667,,,
46.555,,,
46.58833333333334,,,
46.62166666666667,,,
46.655,,,
46.68833333333334,,,
46.72166666666667,,,
46.755,,,
46.788333333333334,,,
46.82166666666667,,,
46.855000000000004,,,
46.888333333333335,-0.32760118698696966,0.2704785316708244,0.012020601969101284
46.92166666666667,,,
46.955000000000005,,,
46.98833333333334,,,
47.02166666666667,-0.3174346189620178,0.28132225573759523,0.005811810630114218
47.055,,,
47.08833333333334,,,
47.12166666666667,,,
47.155,,,
47.18833333333334,-0.3203840982789184,0.28179546971721675,0.0059330194580256845
47.22166666666667,,,
47.255,,,
47.288333333333334,,,
47.32166666666667,,,
47.355000000000004,,,
47.388333333333335,,,
47.42166666666667,,,
47.455000000000005,,,
47.48833333333334,,,
47.52166666666667,,,
47.555,,,
47.58833333333334,,,
47.62166666666667,,,
47.655,,,
47.68833333333334,,,
47.72166666666667,,,
47.755,,,
47.788333333333334,,,
47.82166666666667,,,
47.855000000000004,,,
47.888333333333335,,,
47.92166666666667,,,
47.955000000000005,,,
47.98833333333334,,,
48.02166666666667,,,
48.055,,,
48.08833333333334,,,
48.12166666666667,,,
48.155,,,
48.18833333333334,,,
48.22166666666667,,,
48.255,-0.3401178221863082,0.24076144416418427,-0.12889496773271591
48.288333333333334,-0.33492668594221364,0.2368404617803558,-0.13294272168581842
48.32166666666667,-0.3361943670222264,0.2354131757998053,-0.13369834871453434
48.355000000000004,-0.340118009486231,0.23438527050529323,-0.13647601482662786
48.388333333333335,-0.3386200264925544,0.23469567693968058,-0.13453463050456163
48.42166666666667,-0.339130960520486,0.23464717634930832,-0.13490022593434006
48.455000000000005,-0.339788667753208,0.2351453062202831,-0.13469207688265036
48.48833333333334,-0.3396305110545131,0.2360553114965303,-0.13592249986193095
48.52166666666667,-0.3399512891681732,0.2346418094961187,-0.13659376636019743
48.555,-0.3392508352484827,0.23393172508099752,-0.1354524658081343
48.58833333333334,-0.34180097365213113,0.23443656186933184,-0.13843075687454795
48.62166666666667,-0.3404855764517322,0.23476861565303803,-0.13754254293697415
48.655,-0.3432444025013631,0.2341667300177341,-0.13758471695569396
48.68833333333334,-0.3403929499093379,0.23440666898850376,-0.13573940627948955
48.72166666666667,-0.33878275161507077,0.23442049138097645,-0.13450188957184175
48.755,-0.33862517950121257,0.23476509967300405,-0.13500532458423847
48.788333333333334,-0.3399733372310884,0.23459304028560943,-0.13493924337697205
48.82333333333334,-0.3409025147952609,0.2354559821762657,-0.1366038596015654
48.85666666666667,-0.3476299718790274,0.23907012040011666,-0.13597379684520292
48.89,-0.3478172763168659,0.238982730944885,-0.1356599368422536
48.92333333333334,-0.34757343664212415,0.23907337621181182,-0.13611789489384196
48.95666666666667,-0.33898705598717843,0.23445116610786448,-0.1358362687844678
48.99,-0.34011029270860826,0.23506506402791116,-0.13484235775297287
49.02333333333333,-0.33947582293923456,0.2338499614661045,-0.13612859162300725
49.05666666666667,-0.3482657625322607,0.23890035599229054,-0.13551633067892574
49.09,-0.3423948735428854,0.23454565361852098,-0.1375245458581964
49.123333333333335,-0.3491263213922559,0.23860367178814182,-0.13621113039854998
49.156666666666666,-0.34817433102897294,0.23815175575865372,-0.13544713619955545
49.190000000000005,-0.34154042115473804,0.2340446567652807,-0.1367323193182676
49.223333333333336,-0.343188806116922,0.23429577773214727,-0.1375110979248634
49.25666666666667,-0.35039549141983894,0.23823496872528654,-0.1373170539685333
49.290000000000006,-0.3409791396031465,0.23492518460619266,-0.1374389136583907
49.32333333333334,-0.3420332969143136,0.23476142196694225,-0.1369408269358604
49.35666666666667,-0.3503105962677738,0.237571205310424,-0.13814633525599146
49.39,-0.3495614189371481,0.238168979226356,-0.13737117430792434
49.42333333333334,-0.3410062386263064,0.23332979000221668,-0.1390221561277278
49.45666666666667,-0.3430664178104855,0.23413647776589652,-0.1391126424227067
49.49,-0.340930476656781,0.23422332273078558,-0.1376544147605054
49.52333333333333,-0.3407861321961128,0.2348186465186736,-0.1363559193157227
49.55666666666667,-0.3434159425965732,0.23584672096340392,-0.13775903733375494
49.59,-0.34164121530478075,0.23527748381997257,-0.13738503420200754
49.623333333333335,-0.3416797038223755,0.23428386791248987,-0.13836198290188342
49.65666666666667,-0.3377778479372623,0.23459266655007965,-0.1356365130971154
49.690000000000005,-0.3390612138685305,0.2339992254846081,-0.13529795460192173
49.723333333333336,-0.34195326328516135,0.2358937097345288,-0.13684291301243745
49.75666666666667,-0.3392440694768595,0.23369403710290304,-0.13632903164960317
49.790000000000006,-0.34558130881576266,0.23714792725395692,-0.13462674327050755
49.82333333333334,-0.3369115514715804,0.23385321948012483,-0.13454150564946024
49.85666666666667,-0.33573678798049744,0.23473120427054245,-0.1317255830306487
49.89,-0.33700328994794015,0.2339141351178076,-0.13392131810592528
49.92333333333334,-0.3372350899850032,0.2339066043264733,-0.13428897185243657
49.95666666666667,-0.34443520712607106,0.23804604795704892,-0.1335336112796672
49.99,-0.33860993924351135,0.23364110320833736,-0.13511235690951706
50.02333333333333,-0.3482682510251005,0.23620996587701518,-0.13632826783016028
50.05666666666667,-0.34741232718575277,0.23764156297808006,-0.1352195352970091
50.09,-0.3408575854682429,0.23411632398633653,-0.1364295282819644
50.123333333333335,-0.34013549063964105,0.23365272909505724,-0.13615860888562015
50.15666666666667,-0.3398094119784372,0.2346698529010397,-0.13474251649877533
50.190000000000005,-0.34706018796211235,0.2379115162703454,-0.13487552024797084
50.223333333333336,-0.3385835315506494,0.23334591133491275,-0.1348848321953908
50.25666666666667,-0.34058955685756204,0.23403943038014158,-0.1341560676326776
50.290000000000006,-0.34135019894239943,0.23372766732277164,-0.13522773984925562
50.32333333333334,-0.33907322703853715,0.2339604172187408,-0.1344088414468984
50.35666666666667,-0.3452659786812949,0.23659277569497647,-0.1333838343052583
50.39,-0.34144753236666253,0.23371121272863882,-0.13630220096003415
50.42333333333334,-0.3450732889202101,0.23747158482783637,-0.1331976201286826
50.45666666666667,-0.34941445865197507,0.23715043001895267,-0.13691841688740225
50.49,-0.3406310266428337,0.2332009311480159,-0.135323194421928
50.52333333333333,-0.34608044973812535,0.23739753665809624,-0.13458155244966555
50.55666666666667,-0.3435533858578087,0.23770882543862348,-0.1332608883818598
50.59,-0.3474839790627294,0.23682971061441874,-0.13647087896548504
50.623333333333335,-0.340488762086252,0.23310583528769424,-0.13602761395414098
50.65666666666667,-0.34020024240968594,0.23312935328422238,-0.13496537854539742
50.690000000000005,-0.3474302092705337,0.2378172361831204,-0.13504359999907672
50.723333333333336,-0.34677455188140327,0.23832499123224765,-0.13523602509483743
50.75666666666667,-0.3441130244952005,0.23310918817469878,-0.13842571631550463
50.790000000000006,-0.3426163010366491,0.23330199713712207,-0.1365303828516268
50.82333333333334,-0.34748442955556014,0.2375259447169093,-0.1370094650255029
50.85666666666667,-0.3435695567096466,0.23316068621051428,-0.1377167091791641
50.89,-0.3499004547287528,0.23827983607194825,-0.1378225010948978
50.92333333333334,-0.3447940364339433,0.2333576739723545,-0.14065996166684858
50.95666666666667,-0.3434359092054252,0.23386357613681752,-0.13642531686882006
50.99,-0.3426275922187845,0.23292179678888253,-0.13789744877607046
51.02333333333333,-0.342443262676659,0.2331265974199494,-0.13637192537292897
51.05666666666667,-0.3482613105840024,0.2382414374724578,-0.1362039078552349
51.09,-0.34118619309197645,0.23375403560224003,-0.13467625162800326
51.123333333333335,-0.3415481515567547,0.23406898220379682,-0.13666818815575565
51.15666666666667,-0.34148415589759606,0.23392196470740076,-0.13666855142764486
51.190000000000005,-0.3394620748576874,0.23252306672177753,-0.13576925522885538
51.223333333333336,-0.3427328420153559,0.23452727818828947,-0.13632983864208878
51.25666666666667,-0.3399925343990893,0.23283592099897663,-0.13574856113364572
51.290000000000006,-0.3419408423965745,0.23297738827278244,-0.137417656109078
51.32333333333334,-0.34193098066767014,0.23332026773127434,-0.13369134210973685
51.35666666666667,-0.3407079397092043,0.23423110672415345,-0.13421619377744554
51.39,-0.33849054047023996,0.23338276662708432,-0.13454219867458223
51.42333333333334,-0.3412972792705764,0.2330272134932595,-0.13615602117949982
51.45666666666667,-0.34102431626991914,0.23279159460947257,-0.13617533336431792
51.49,-0.3413140483259218,0.23360689376935675,-0.13515578953486168
51.52333333333333,-0.34148996544900645,0.23320410302796488,-0.13473665044166572
51.55666666666667,-0.33994049658667036,0.23236192231404387,-0.1339309555349035
51.59,-0.34278204316387445,0.23343933064373465,-0.13762735956444472
51.623333333333335,-0.34236606492144256,0.2329682025534655,-0.13909285902926197
51.65666666666667,-0.3421260191233995,0.23394569843729068,-0.1364779988694622
51.690000000000005,-0.3443240683650801,0.23814270338254714,-0.1303038094675968
51.723333333333336,-0.3464426944090806,0.23738313526454194,-0.13214696424505867
51.75666666666667,-0.3378272157207289,0.23271727902271092,-0.13296981651706632
51.790000000000006,,,
51.82333333333334,-0.34110464055957923,0.233843335928446,-0.13391031088717453
51.85666666666667,-0.3409438166460824,0.233825496543821,-0.13340774440663905
51.89,-0.34495965151010993,0.2340778557740874,-0.13687368336105588
51.92333333333334,,,
51.95666666666667,,,
51.99,-0.3517492887845796,0.23430171130964947,-0.14415542406814721
52.02333333333333,-0.34086266896538986,0.24878903857734846,-0.16207763360697006
52.05666666666667,-0.35033470591259763,0.23339854953667277,-0.14312100744427156
52.09,-0.3504769503694732,0.23315161434921844,-0.1430919510093108
52.123333333333335,-0.3511603834775204,0.23216710426505557,-0.14263708894039112
52.15666666666667,-0.3577407483649698,0.23821431074276994,-0.1424882643164925
52.190000000000005,-0.34005959434215466,0.24886872716652722,-0.16166413127074425
52.223333333333336,-0.35251336463144595,0.2324966599403904,-0.14367705161420002
52.25666666666667,-0.35922647924508627,0.23960801920395167,-0.14359817353528803
52.290000000000006,-0.3334090939455884,0.24292576325109885,-0.16258198395380025
52.32333333333334,-0.3510130299134051,0.23298890988625715,-0.14203504583105664
52.35666666666667,-0.3500728388683719,0.23278431002354308,-0.14181145348053614
52.39,-0.35706130722531043,0.23760124304927172,-0.14224169472500126
52.425000000000004,-0.3335407330899364,0.2423616305088403,-0.16214143893014146
52.458333333333336,-0.35168093083072505,0.23279148955843162,-0.1428594761608486
52.49166666666667,-0.33247803343794174,0.24206845899093007,-0.16137224671444142
52.525000000000006,-0.3569048041505562,0.23943176708799063,-0.14024312999757518
52.55833333333334,-0.3309356506791954,0.2422970798245696,-0.16069127362201582
52.59166666666667,-0.3391716511676298,0.24960803164550813,-0.16038167232939382
52.625,-0.3584679056155332,0.2398518143812633,-0.14288376261778551
52.65833333333334,-0.3508632344450806,0.2341165304204713,-0.14048801359006755
52.69166666666667,-0.351108389807163,0.2339732273567008,-0.14211568947021982
52.725,-0.3315809243210481,0.2433409531424826,-0.1601884137457786
52.75833333333334,-0.35568721948270515,0.2392469681411401,-0.13998014597218403
52.79166666666667,-0.33466654639098997,0.25047348465779107,-0.15759059304272335
52.825,-0.3506925149007706,0.23364981526633316,-0.14118154524486073
52.858333333333334,-0.3555057110157934,0.23937959185828933,-0.14144169552606725
52.89166666666667,-0.35007128712119673,0.23440702570889335,-0.14037852781473603
52.925000000000004,-0.35081617586504504,0.23385556797357535,-0.14154387254003453
52.958333333333336,-0.35108879099399554,0.23402244762191993,-0.14230161424081952
52.99166666666667,-0.34968288432538763,0.23405860271939244,-0.14119755930606104
53.025000000000006,-0.3495376719265393,0.2333734607150817,-0.14186123831577582
53.05833333333334,-0.3529062079039965,0.23391737851002092,-0.1448751944669156
53.09166666666667,-0.34920336590166984,0.2336652273901209,-0.14014022719046557
53.125,-0.34986430996126844,0.2331288527466172,-0.14237101868879773
53.15833333333334,-0.35154870196200194,0.23356433236738378,-0.1428772705437638
53.19166666666667,-0.3313401450540698,0.24361609941594822,-0.15933943104851145
53.225,-0.35035936453387356,0.23383224673304448,-0.14187244342976973
53.25833333333334,-0.33271290946415005,0.24310598196896724,-0.16262610823995244
53.29166666666667,-0.35255187250117165,0.233745733830029,-0.14395442468753436
53.325,-0.3513538721551592,0.2328242041513334,-0.14208056588207174
53.358333333333334,-0.33310857245612296,0.2428558357392691,-0.16182173768418456
53.39166666666667,-0.3516125583069797,0.23306123285251704,-0.14143556546546082
53.425000000000004,-0.35029201925141806,0.23422551556133425,-0.13924711283852548
53.458333333333336,-0.35623876898869233,0.24006284677481526,-0.1407312003459662
53.49166666666667,-0.352827529087594,0.23264449080603253,-0.14334876718701206
53.525000000000006,-0.3476506811829061,0.23967093472141623,-0.13374863512763036
53.55833333333334,-0.3426490653422939,0.23359675896407958,-0.13464346815884115
53.59166666666667,-0.34173122372166503,0.23276049566038332,-0.13473401079455863
53.625,-0.3391562439817043,0.23368297610569616,-0.13290191875827065
53.65833333333334,-0.34142438909889916,0.23416645513945453,-0.13403754362278414
53.69166666666667,-0.339637785706485,0.2337882771025579,-0.13321792891449927
53.725,-0.3464381261212809,0.23894636707358133,-0.13393167725484728
53.75833333333334,-0.3427323231278869,0.23400257052926832,-0.13658289493570874
53.79166666666667,-0.3473535253884524,0.23739345642778073,-0.13498608804505224
53.825,-0.3414676846330323,0.23436122548861954,-0.13457932192389663
53.858333333333334,-0.34084128695570276,0.2341286569035123,-0.134743444894315
53.89166666666667,-0.34045290681160023,0.23375361689519575,-0.13410358196597355
53.925000000000004,-0.3420343490641734,0.2347674381644793,-0.13563908868130722
53.958333333333336,-0.34703896036887294,0.2382351010051554,-0.13478915854477322
53.99166666666667,-0.3475829887705971,0.23904440122485324,-0.13524134835874718
54.025000000000006,-0.3407660459573849,0.233749208850124,-0.1343323965129221
54.05833333333334,-0.3441426699494314,0.2399507805552148,-0.13186481248115722
54.09166666666667,-0.340217215201362,0.23429922507338521,-0.13285829854972953
54.125,-0.3421469343223759,0.24071262519887432,-0.12907139705545403
54.15833333333334,,,
54.19166666666667,-0.34672810727244313,0.2405212145417264,-0.13350930067722994
54.225,-0.34665012986907506,0.24105554784156458,-0.13289964919640168
54.25833333333334,-0.34262424522226587,0.23445749100850266,-0.13467790272184652
54.29166666666667,-0.3460534553791453,0.24082714366560937,-0.13268754583149292
54.325,-0.34019859277221387,0.23455913042103596,-0.13190044841568388
54.358333333333334,-0.3390409705399077,0.23482368160923914,-0.13017340855461937
54.39166666666667,-0.3392084933531228,0.2348187437996937,-0.13120669142145863
54.425000000000004,-0.3385894196886642,0.2342251908830393,-0.1307571174335789
54.458333333333336,-0.33900711827418145,0.23469506644663024,-0.131393027005743
54.49166666666667,-0.34343572720111115,0.24079531274890198,-0.1298450471287465
54.525000000000006,-0.33947935231105647,0.23501729807350133,-0.1313807373212913
54.55833333333334,-0.34377119627735103,0.24157475354349758,-0.13041306221045681
54.59166666666667,-0.33987284755682307,0.23396069197675723,-0.13188164926637258
54.625,,,
54.65833333333334,-0.34078048384012505,0.23462869797712077,-0.13280969692821218
54.69166666666667,-0.3361289431194839,0.23561320779216702,-0.12948153335365345
54.725,-0.3433234393361347,0.24057213425013776,-0.12939468332780962
54.75833333333334,-0.33950629697220336,0.23557558249092656,-0.13170163386360909
54.79166666666667,-0.34259199879700436,0.2425959777799477,-0.12829994376154105
54.825,-0.3392197238504226,0.23500095996376072,-0.13215152135442518
54.858333333333334,-0.33893544755936855,0.23559793206033205,-0.1317980588121932
54.89166666666667,-0.3438539525365446,0.24039724529656076,-0.1310235879789255
54.925000000000004,,,
54.958333333333336,,,
54.99166666666667,,,
