time,object_x,object_y,object_z,object_rel_start_x,object_rel_start_y,object_rel_start_z,object_rel_goal_x,object_rel_goal_y,object_rel_goal_z,speed,phase,valid_measurement,valid_processed,goal_planar_distance,inside_goal_region,interpolated,outlier_rejected,rejection_reason,transport_progress,raw_object_x,raw_object_y,raw_object_z,goal_x,goal_y,goal_z
67.79833333333333,-0.38448639859774536,0.02146548121275067,-0.1220621511878579,0.011210473046273761,0.010278200981984295,-0.008953079752659965,-0.35731696898946796,-0.3095607546401346,-0.09479002711562164,0.23374729185478405,pickup_lift,1,1,0.47276133211292787,0,0,0,,,-0.3733499564065247,0.03084587620766358,-0.13967919743967694,-0.027169429608277368,0.33102623585288526,-0.027272124072236267
67.83166666666668,-0.3883064686452894,0.020006548451989806,-0.11735174432586798,0.007390402998729728,0.008819268221223432,-0.004242672890670041,-0.361137039037012,-0.3110196874008955,-0.09007962025363171,0.4074105582403777,pickup_lift,1,1,0.4766059241295381,0,0,0,,,-0.3968465255105497,0.01141254145320015,-0.10128876576913123,-0.027169429608277368,0.33102623585288526,-0.027272124072236267
67.86500000000001,-0.40181221159525476,0.012267250137176285,-0.103276183433738,-0.006115339951235643,0.0010799699064099107,0.009832888001459941,-0.3746427819869774,-0.318758985715709,-0.07600405936150173,0.45303055447863316,pickup_lift,0,1,0.4918988768735394,0,1,0,,,,,,-0.027169429608277368,0.33102623585288526,-0.027272124072236267
67.89833333333334,-0.4099324372379919,0.00991028265489574,-0.0988437477775749,-0.014235565593972765,-0.0012769975758706344,0.014265323657623036,-0.3827630076297145,-0.3211159531979895,-0.07157162370533864,0.23596645486615703,transport,0,1,0.4996228331531679,0,1,0,,0.0,,,,-0.027169429608277368,0.33102623585288526,-0.027272124072236267
67.93166666666667,-0.41677265884836867,0.00992264308641489,-0.09901528583969006,-0.02107578720434955,-0.0012646371443514846,0.014093785595507877,-0.3896032292400913,-0.3211035927664704,-0.0717431617674538,0.2034564433605604,transport,0,1,0.5048744334206698,0,1,0,,0.005846243788365641,,,,-0.027169429608277368,0.33102623585288526,-0.027272124072236267
67.965,-0.4223328764263865,0.012304331431733755,-0.10379079762008366,-0.026636004782367384,0.0011170512009673807,0.009318273815114284,-0.3951634468181091,-0.3187219044211515,-0.07651867354784739,0.23120245346542037,transport,1,1,0.5076788375134561,0,0,0,,0.011692487576731282,-0.4223907000684208,0.011321472628526301,-0.10194063817116585,-0.027169429608277368,0.33102623585288526,-0.027272124072236267
67.99833333333333,,,,,,,,,,,invalid,0,0,,,0,0,,,,,,-0.027169429608277368,0.33102623585288526,-0.027272124072236267
68.03166666666667,,,,,,,,,,,invalid,0,0,,,0,0,,,,,,-0.027169429608277368,0.33102623585288526,-0.027272124072236267
68.065,,,,,,,,,,,invalid,0,0,,,0,0,,,,,,-0.027169429608277368,0.33102623585288526,-0.027272124072236267
68.09833333333334,,,,,,,,,,,invalid,0,0,,,0,0,,,,,,-0.027169429608277368,0.33102623585288526,-0.027272124072236267
68.13166666666667,,,,,,,,,,,invalid,0,0,,,0,0,,,,,,-0.027169429608277368,0.33102623585288526,-0.027272124072236267
68.165,,,,,,,,,,,invalid,0,0,,,0,0,,,,,,-0.027169429608277368,0.33102623585288526,-0.027272124072236267
68.19833333333334,,,,,,,,,,,invalid,0,0,,,0,0,,,,,,-0.027169429608277368,0.33102623585288526,-0.027272124072236267
68.23166666666667,,,,,,,,,,,invalid,0,0,,,0,0,,,,,,-0.027169429608277368,0.33102623585288526,-0.027272124072236267
68.265,,,,,,,,,,,invalid,0,0,,,0,0,,,,,,-0.027169429608277368,0.33102623585288526,-0.027272124072236267
68.29833333333333,,,,,,,,,,,invalid,0,0,,,0,0,,,,,,-0.027169429608277368,0.33102623585288526,-0.027272124072236267
68.33166666666668,,,,,,,,,,,invalid,0,0,,,0,0,,,,,,-0.027169429608277368,0.33102623585288526,-0.027272124072236267
68.36500000000001,,,,,,,,,,,invalid,0,0,,,0,0,,,,,,-0.027169429608277368,0.33102623585288526,-0.027272124072236267
68.39833333333334,,,,,,,,,,,invalid,0,0,,,0,0,,,,,,-0.027169429608277368,0.33102623585288526,-0.027272124072236267
68.43166666666667,,,,,,,,,,,invalid,0,0,,,0,0,,,,,,-0.027169429608277368,0.33102623585288526,-0.027272124072236267
68.465,,,,,,,,,,,invalid,0,0,,,0,0,,,,,,-0.027169429608277368,0.33102623585288526,-0.027272124072236267
68.49833333333333,,,,,,,,,,,invalid,0,0,,,0,0,,,,,,-0.027169429608277368,0.33102623585288526,-0.027272124072236267
68.53166666666667,,,,,,,,,,,invalid,0,0,,,0,0,,,,,,-0.027169429608277368,0.33102623585288526,-0.027272124072236267
68.565,,,,,,,,,,,invalid,0,0,,,0,0,,,,,,-0.027169429608277368,0.33102623585288526,-0.027272124072236267
68.59833333333334,,,,,,,,,,,invalid,0,0,,,0,0,,,,,,-0.027169429608277368,0.33102623585288526,-0.027272124072236267
68.63166666666667,,,,,,,,,,,invalid,0,0,,,0,0,,,,,,-0.027169429608277368,0.33102623585288526,-0.027272124072236267
68.665,,,,,,,,,,,invalid,0,0,,,0,0,,,,,,-0.027169429608277368,0.33102623585288526,-0.027272124072236267
68.69833333333334,,,,,,,,,,,invalid,0,0,,,0,0,,,,,,-0.027169429608277368,0.33102623585288526,-0.027272124072236267
68.73166666666667,,,,,,,,,,,invalid,0,0,,,0,0,,,,,,-0.027169429608277368,0.33102623585288526,-0.027272124072236267
68.765,,,,,,,,,,,invalid,0,0,,,0,0,,,,,,-0.027169429608277368,0.33102623585288526,-0.027272124072236267
68.79833333333333,,,,,,,,,,,invalid,0,0,,,0,0,,,,,,-0.027169429608277368,0.33102623585288526,-0.027272124072236267
68.83166666666668,,,,,,,,,,,invalid,0,0,,,0,0,,,,,,-0.027169429608277368,0.33102623585288526,-0.027272124072236267
68.86500000000001,,,,,,,,,,,invalid,0,0,,,0,0,,,,,,-0.027169429608277368,0.33102623585288526,-0.027272124072236267
68.89833333333334,,,,,,,,,,,invalid,0,0,,,0,0,,,,,,-0.027169429608277368,0.33102623585288526,-0.027272124072236267
68.93166666666667,,,,,,,,,,,invalid,0,0,,,0,0,,,,,,-0.027169429608277368,0.33102623585288526,-0.027272124072236267
68.965,,,,,,,,,,,invalid,0,0,,,0,0,,,,,,-0.027169429608277368,0.33102623585288526,-0.027272124072236267
68.99833333333333,,,,,,,,,,,invalid,0,0,,,0,0,,,,,,-0.027169429608277368,0.33102623585288526,-0.027272124072236267
69.03166666666667,,,,,,,,,,,invalid,0,0,,,0,0,,,,,,-0.027169429608277368,0.33102623585288526,-0.027272124072236267
69.065,,,,,,,,,,,invalid,0,0,,,0,0,,,,,,-0.027169429608277368,0.33102623585288526,-0.027272124072236267
69.09833333333334,,,,,,,,,,,invalid,0,0,,,0,0,,,,,,-0.027169429608277368,0.33102623585288526,-0.027272124072236267
69.13166666666667,,,,,,,,,,,invalid,0,0,,,0,0,,,,,,-0.027169429608277368,0.33102623585288526,-0.027272124072236267
69.165,,,,,,,,,,,invalid,0,0,,,0,0,,,,,,-0.027169429608277368,0.33102623585288526,-0.027272124072236267
69.19833333333334,,,,,,,,,,,invalid,0,0,,,0,0,,,,,,-0.027169429608277368,0.33102623585288526,-0.027272124072236267
69.23166666666667,,,,,,,,,,,invalid,0,0,,,0,0,,,,,,-0.027169429608277368,0.33102623585288526,-0.027272124072236267
69.265,,,,,,,,,,,invalid,0,0,,,0,0,,,,,,-0.027169429608277368,0.33102623585288526,-0.027272124072236267
69.29833333333333,,,,,,,,,,,invalid,0,0,,,0,0,,,,,,-0.027169429608277368,0.33102623585288526,-0.027272124072236267
69.33166666666668,,,,,,,,,,,invalid,0,0,,,0,0,,,,,,-0.027169429608277368,0.33102623585288526,-0.027272124072236267
69.36500000000001,,,,,,,,,,,invalid,0,0,,,0,0,,,,,,-0.027169429608277368,0.33102623585288526,-0.027272124072236267
69.39833333333334,,,,,,,,,,,invalid,0,0,,,0,0,,,,,,-0.027169429608277368,0.33102623585288526,-0.027272124072236267
69.43166666666667,,,,,,,,,,,invalid,0,0,,,0,0,,,,,,-0.027169429608277368,0.33102623585288526,-0.027272124072236267
69.465,,,,,,,,,,,invalid,0,0,,,0,0,,,,,,-0.027169429608277368,0.33102623585288526,-0.027272124072236267
69.49833333333333,,,,,,,,,,,invalid,0,0,,,0,0,,,,,,-0.027169429608277368,0.33102623585288526,-0.027272124072236267
69.53166666666667,,,,,,,,,,,invalid,0,0,,,0,0,,,,,,-0.027169429608277368,0.33102623585288526,-0.027272124072236267
69.565,,,,,,,,,,,invalid,0,0,,,0,0,,,,,,-0.027169429608277368,0.33102623585288526,-0.027272124072236267
69.59833333333334,,,,,,,,,,,invalid,0,0,,,0,0,,,,,,-0.027169429608277368,0.33102623585288526,-0.027272124072236267
69.63166666666667,,,,,,,,,,,invalid,0,0,,,0,0,,,,,,-0.027169429608277368,0.33102623585288526,-0.027272124072236267
69.665,,,,,,,,,,,invalid,0,0,,,0,0,,,,,,-0.027169429608277368,0.33102623585288526,-0.027272124072236267
69.69833333333334,,,,,,,,,,,invalid,0,0,,,0,0,,,,,,-0.027169429608277368,0.33102623585288526,-0.027272124072236267
69.73166666666667,,,,,,,,,,,invalid,0,0,,,0,0,,,,,,-0.027169429608277368,0.33102623585288526,-0.027272124072236267
69.765,,,,,,,,,,,invalid,0,0,,,0,0,,,,,,-0.027169429608277368,0.33102623585288526,-0.027272124072236267
69.79833333333333,,,,,,,,,,,invalid,0,0,,,0,0,,,,,,-0.027169429608277368,0.33102623585288526,-0.027272124072236267
69.83166666666668,,,,,,,,,,,invalid,0,0,,,0,0,,,,,,-0.027169429608277368,0.33102623585288526,-0.027272124072236267
69.86500000000001,,,,,,,,,,,invalid,0,0,,,0,0,,,,,,-0.027169429608277368,0.33102623585288526,-0.027272124072236267
69.89833333333334,,,,,,,,,,,invalid,0,0,,,0,0,,,,,,-0.027169429608277368,0.33102623585288526,-0.027272124072236267
69.93166666666667,,,,,,,,,,,invalid,0,0,,,0,0,,,,,,-0.027169429608277368,0.33102623585288526,-0.027272124072236267
69.965,,,,,,,,,,,invalid,0,0,,,0,0,,,,,,-0.027169429608277368,0.33102623585288526,-0.027272124072236267
69.99833333333333,,,,,,,,,,,invalid,0,0,,,0,0,,,,,,-0.027169429608277368,0.33102623585288526,-0.027272124072236267
70.03166666666667,,,,,,,,,,,invalid,0,0,,,0,0,,,,,,-0.027169429608277368,0.33102623585288526,-0.027272124072236267
70.065,,,,,,,,,,,invalid,0,0,,,0,0,,,,,,-0.027169429608277368,0.33102623585288526,-0.027272124072236267
70.09833333333334,,,,,,,,,,,invalid,0,0,,,0,0,,,,,,-0.027169429608277368,0.33102623585288526,-0.027272124072236267
70.13166666666667,,,,,,,,,,,invalid,0,0,,,0,0,,,,,,-0.027169429608277368,0.33102623585288526,-0.027272124072236267
70.165,,,,,,,,,,,invalid,0,0,,,0,0,,,,,,-0.027169429608277368,0.33102623585288526,-0.027272124072236267
70.19833333333334,,,,,,,,,,,invalid,0,0,,,0,0,,,,,,-0.027169429608277368,0.33102623585288526,-0.027272124072236267
70.23166666666667,,,,,,,,,,,invalid,0,0,,,0,0,,,,,,-0.027169429608277368,0.33102623585288526,-0.027272124072236267
70.265,,,,,,,,,,,invalid,0,0,,,0,0,,,,,,-0.027169429608277368,0.33102623585288526,-0.027272124072236267
70.29833333333333,,,,,,,,,,,invalid,0,0,,,0,0,,,,,,-0.027169429608277368,0.33102623585288526,-0.027272124072236267
70.33166666666668,,,,,,,,,,,invalid,0,0,,,0,0,,,,,,-0.027169429608277368,0.33102623585288526,-0.027272124072236267
70.36500000000001,,,,,,,,,,,invalid,0,0,,,0,0,,,,,,-0.027169429608277368,0.33102623585288526,-0.027272124072236267
70.39833333333334,,,,,,,,,,,invalid,0,0,,,0,0,,,,,,-0.027169429608277368,0.33102623585288526,-0.027272124072236267
70.43166666666667,,,,,,,,,,,invalid,0,0,,,0,0,,,,,,-0.027169429608277368,0.33102623585288526,-0.027272124072236267
70.465,,,,,,,,,,,invalid,0,0,,,0,0,,,,,,-0.027169429608277368,0.33102623585288526,-0.027272124072236267
70.5,,,,,,,,,,,invalid,0,0,,,0,0,,,,,,-0.027169429608277368,0.33102623585288526,-0.027272124072236267
70.53333333333333,,,,,,,,,,,invalid,0,0,,,0,0,,,,,,-0.027169429608277368,0.33102623585288526,-0.027272124072236267
70.56666666666668,,,,,,,,,,,invalid,0,0,,,0,0,,,,,,-0.027169429608277368,0.33102623585288526,-0.027272124072236267
70.60000000000001,,,,,,,,,,,invalid,0,0,,,0,0,,,,,,-0.027169429608277368,0.33102623585288526,-0.027272124072236267
70.63333333333334,,,,,,,,,,,invalid,0,0,,,0,0,,,,,,-0.027169429608277368,0.33102623585288526,-0.027272124072236267
70.66666666666667,,,,,,,,,,,invalid,0,0,,,0,0,,,,,,-0.027169429608277368,0.33102623585288526,-0.027272124072236267
70.7,,,,,,,,,,,invalid,0,0,,,0,0,,,,,,-0.027169429608277368,0.33102623585288526,-0.027272124072236267
70.73333333333333,,,,,,,,,,,invalid,0,0,,,0,0,,,,,,-0.027169429608277368,0.33102623585288526,-0.027272124072236267
70.76666666666667,,,,,,,,,,,invalid,0,0,,,0,0,,,,,,-0.027169429608277368,0.33102623585288526,-0.027272124072236267
70.80000000000001,,,,,,,,,,,invalid,0,0,,,0,0,,,,,,-0.027169429608277368,0.33102623585288526,-0.027272124072236267
70.83333333333334,,,,,,,,,,,invalid,0,0,,,0,0,,,,,,-0.027169429608277368,0.33102623585288526,-0.027272124072236267
70.86666666666667,,,,,,,,,,,invalid,0,0,,,0,0,,,,,,-0.027169429608277368,0.33102623585288526,-0.027272124072236267
70.9,,,,,,,,,,,invalid,0,0,,,0,0,,,,,,-0.027169429608277368,0.33102623585288526,-0.027272124072236267
70.93333333333334,,,,,,,,,,,invalid,0,0,,,0,0,,,,,,-0.027169429608277368,0.33102623585288526,-0.027272124072236267
70.96666666666667,,,,,,,,,,,invalid,0,0,,,0,0,,,,,,-0.027169429608277368,0.33102623585288526,-0.027272124072236267
71.0,,,,,,,,,,,invalid,0,0,,,0,0,,,,,,-0.027169429608277368,0.33102623585288526,-0.027272124072236267
71.03333333333333,,,,,,,,,,,invalid,0,0,,,0,0,,,,,,-0.027169429608277368,0.33102623585288526,-0.027272124072236267
71.06666666666668,,,,,,,,,,,invalid,0,0,,,0,0,,,,,,-0.027169429608277368,0.33102623585288526,-0.027272124072236267
71.10000000000001,,,,,,,,,,,invalid,0,0,,,0,0,,,,,,-0.027169429608277368,0.33102623585288526,-0.027272124072236267
71.13333333333334,,,,,,,,,,,invalid,0,0,,,0,0,,,,,,-0.027169429608277368,0.33102623585288526,-0.027272124072236267
71.16666666666667,,,,,,,,,,,invalid,0,0,,,0,0,,,,,,-0.027169429608277368,0.33102623585288526,-0.027272124072236267
71.2,,,,,,,,,,,invalid,0,0,,,0,0,,,,,,-0.027169429608277368,0.33102623585288526,-0.027272124072236267
71.23333333333333,,,,,,,,,,,invalid,0,0,,,0,0,,,,,,-0.027169429608277368,0.33102623585288526,-0.027272124072236267
71.26666666666667,,,,,,,,,,,invalid,0,0,,,0,0,,,,,,-0.027169429608277368,0.33102623585288526,-0.027272124072236267
71.30000000000001,,,,,,,,,,,invalid,0,0,,,0,0,,,,,,-0.027169429608277368,0.33102623585288526,-0.027272124072236267
71.33333333333334,,,,,,,,,,,invalid,0,0,,,0,0,,,,,,-0.027169429608277368,0.33102623585288526,-0.027272124072236267
71.36666666666667,,,,,,,,,,,invalid,0,0,,,0,0,,,,,,-0.027169429608277368,0.33102623585288526,-0.027272124072236267
71.4,,,,,,,,,,,invalid,0,0,,,0,0,,,,,,-0.027169429608277368,0.33102623585288526,-0.027272124072236267
71.43333333333334,,,,,,,,,,,invalid,0,0,,,0,0,,,,,,-0.027169429608277368,0.33102623585288526,-0.027272124072236267
71.46666666666667,,,,,,,,,,,invalid,0,0,,,0,0,,,,,,-0.027169429608277368,0.33102623585288526,-0.027272124072236267
71.5,,,,,,,,,,,invalid,0,0,,,0,0,,,,,,-0.027169429608277368,0.33102623585288526,-0.027272124072236267
71.53333333333333,,,,,,,,,,,invalid,0,0,,,0,0,,,,,,-0.027169429608277368,0.33102623585288526,-0.027272124072236267
71.56666666666668,,,,,,,,,,,invalid,0,0,,,0,0,,,,,,-0.027169429608277368,0.33102623585288526,-0.027272124072236267
71.60000000000001,,,,,,,,,,,invalid,0,0,,,0,0,,,,,,-0.027169429608277368,0.33102623585288526,-0.027272124072236267
71.63333333333334,,,,,,,,,,,invalid,0,0,,,0,0,,,,,,-0.027169429608277368,0.33102623585288526,-0.027272124072236267
71.66666666666667,,,,,,,,,,,invalid,0,0,,,0,0,,,,,,-0.027169429608277368,0.33102623585288526,-0.027272124072236267
71.7,,,,,,,,,,,invalid,0,0,,,0,0,,,,,,-0.027169429608277368,0.33102623585288526,-0.027272124072236267
71.73333333333333,,,,,,,,,,,invalid,0,0,,,0,0,,,,,,-0.027169429608277368,0.33102623585288526,-0.027272124072236267
71.76666666666667,,,,,,,,,,,invalid,0,0,,,0,0,,,,,,-0.027169429608277368,0.33102623585288526,-0.027272124072236267
71.80000000000001,,,,,,,,,,,invalid,0,0,,,0,0,,,,,,-0.027169429608277368,0.33102623585288526,-0.027272124072236267
71.83333333333334,,,,,,,,,,,invalid,0,0,,,0,0,,,,,,-0.027169429608277368,0.33102623585288526,-0.027272124072236267
71.86666666666667,,,,,,,,,,,invalid,0,0,,,0,0,,,,,,-0.027169429608277368,0.33102623585288526,-0.027272124072236267
71.9,,,,,,,,,,,invalid,0,0,,,0,0,,,,,,-0.027169429608277368,0.33102623585288526,-0.027272124072236267
71.93333333333334,,,,,,,,,,,invalid,0,0,,,0,0,,,,,,-0.027169429608277368,0.33102623585288526,-0.027272124072236267
71.96666666666667,,,,,,,,,,,invalid,0,0,,,0,0,,,,,,-0.027169429608277368,0.33102623585288526,-0.027272124072236267
72.0,,,,,,,,,,,invalid,0,0,,,0,0,,,,,,-0.027169429608277368,0.33102623585288526,-0.027272124072236267
72.03333333333333,,,,,,,,,,,invalid,0,0,,,0,0,,,,,,-0.027169429608277368,0.33102623585288526,-0.027272124072236267
72.06666666666668,,,,,,,,,,,invalid,0,0,,,0,0,,,,,,-0.027169429608277368,0.33102623585288526,-0.027272124072236267
72.10000000000001,,,,,,,,,,,invalid,0,0,,,0,0,,,,,,-0.027169429608277368,0.33102623585288526,-0.027272124072236267
72.13333333333334,,,,,,,,,,,invalid,0,0,,,0,0,,,,,,-0.027169429608277368,0.33102623585288526,-0.027272124072236267
72.16666666666667,,,,,,,,,,,invalid,0,0,,,0,0,,,,,,-0.027169429608277368,0.33102623585288526,-0.027272124072236267
72.2,,,,,,,,,,,invalid,0,0,,,0,0,,,,,,-0.027169429608277368,0.33102623585288526,-0.027272124072236267
72.23333333333333,,,,,,,,,,,invalid,0,0,,,0,0,,,,,,-0.027169429608277368,0.33102623585288526,-0.027272124072236267
72.26666666666667,,,,,,,,,,,invalid,0,0,,,0,0,,,,,,-0.027169429608277368,0.33102623585288526,-0.027272124072236267
72.30000000000001,,,,,,,,,,,invalid,0,0,,,0,0,,,,,,-0.027169429608277368,0.33102623585288526,-0.027272124072236267
72.33333333333334,,,,,,,,,,,invalid,0,0,,,0,0,,,,,,-0.027169429608277368,0.33102623585288526,-0.027272124072236267
72.36666666666667,,,,,,,,,,,invalid,0,0,,,0,0,,,,,,-0.027169429608277368,0.33102623585288526,-0.027272124072236267
72.4,,,,,,,,,,,invalid,0,0,,,0,0,,,,,,-0.027169429608277368,0.33102623585288526,-0.027272124072236267
72.43333333333334,,,,,,,,,,,invalid,0,0,,,0,0,,,,,,-0.027169429608277368,0.33102623585288526,-0.027272124072236267
72.46666666666667,,,,,,,,,,,invalid,0,0,,,0,0,,,,,,-0.027169429608277368,0.33102623585288526,-0.027272124072236267
72.5,,,,,,,,,,,invalid,0,0,,,0,0,,,,,,-0.027169429608277368,0.33102623585288526,-0.027272124072236267
72.53333333333333,,,,,,,,,,,invalid,0,0,,,0,0,,,,,,-0.027169429608277368,0.33102623585288526,-0.027272124072236267
72.56666666666668,,,,,,,,,,,invalid,0,0,,,0,0,,,,,,-0.027169429608277368,0.33102623585288526,-0.027272124072236267
72.60000000000001,,,,,,,,,,,invalid,0,0,,,0,0,,,,,,-0.027169429608277368,0.33102623585288526,-0.027272124072236267
72.63333333333334,,,,,,,,,,,invalid,0,0,,,0,0,,,,,,-0.027169429608277368,0.33102623585288526,-0.027272124072236267
72.66666666666667,,,,,,,,,,,invalid,0,0,,,0,0,,,,,,-0.027169429608277368,0.33102623585288526,-0.027272124072236267
72.7,,,,,,,,,,,invalid,0,0,,,0,0,,,,,,-0.027169429608277368,0.33102623585288526,-0.027272124072236267
72.73333333333333,,,,,,,,,,,invalid,0,0,,,0,0,,,,,,-0.027169429608277368,0.33102623585288526,-0.027272124072236267
72.76666666666667,,,,,,,,,,,invalid,0,0,,,0,0,,,,,,-0.027169429608277368,0.33102623585288526,-0.027272124072236267
72.80000000000001,,,,,,,,,,,invalid,0,0,,,0,0,,,,,,-0.027169429608277368,0.33102623585288526,-0.027272124072236267
72.83333333333334,,,,,,,,,,,invalid,0,0,,,0,0,,,,,,-0.027169429608277368,0.33102623585288526,-0.027272124072236267
72.86666666666667,,,,,,,,,,,invalid,0,0,,,0,0,,,,,,-0.027169429608277368,0.33102623585288526,-0.027272124072236267
72.9,,,,,,,,,,,invalid,0,0,,,0,0,,,,,,-0.027169429608277368,0.33102623585288526,-0.027272124072236267
72.93333333333334,,,,,,,,,,,invalid,0,0,,,0,0,,,,,,-0.027169429608277368,0.33102623585288526,-0.027272124072236267
72.96666666666667,,,,,,,,,,,invalid,0,0,,,0,0,,,,,,-0.027169429608277368,0.33102623585288526,-0.027272124072236267
73.0,,,,,,,,,,,invalid,0,0,,,0,0,,,,,,-0.027169429608277368,0.33102623585288526,-0.027272124072236267
73.03333333333333,,,,,,,,,,,invalid,0,0,,,0,0,,,,,,-0.027169429608277368,0.33102623585288526,-0.027272124072236267
73.06666666666668,,,,,,,,,,,invalid,0,0,,,0,0,,,,,,-0.027169429608277368,0.33102623585288526,-0.027272124072236267
73.10000000000001,,,,,,,,,,,invalid,0,0,,,0,0,,,,,,-0.027169429608277368,0.33102623585288526,-0.027272124072236267
73.13333333333334,,,,,,,,,,,invalid,0,0,,,0,0,,,,,,-0.027169429608277368,0.33102623585288526,-0.027272124072236267
73.16666666666667,,,,,,,,,,,invalid,0,0,,,0,0,,,,,,-0.027169429608277368,0.33102623585288526,-0.027272124072236267
73.2,,,,,,,,,,,invalid,0,0,,,0,0,,,,,,-0.027169429608277368,0.33102623585288526,-0.027272124072236267
73.23333333333333,,,,,,,,,,,invalid,0,0,,,0,0,,,,,,-0.027169429608277368,0.33102623585288526,-0.027272124072236267
73.26666666666667,,,,,,,,,,,invalid,0,0,,,0,0,,,,,,-0.027169429608277368,0.33102623585288526,-0.027272124072236267
73.30000000000001,,,,,,,,,,,invalid,0,0,,,0,0,,,,,,-0.027169429608277368,0.33102623585288526,-0.027272124072236267
73.33333333333334,-0.15458850400586763,0.3343254122378645,0.06734863250786732,0.2411083676381515,0.3231381320070981,0.18045770394306526,-0.12741907439759026,0.00329917638497923,0.09462075658010359,,transport,1,1,0.12746177891885022,0,0,0,,0.9532300496930723,-0.15458850400586763,0.3343254122378645,0.06734863250786732,-0.027169429608277368,0.33102623585288526,-0.027272124072236267
73.36666666666667,,,,,,,,,,,invalid,0,0,,,0,0,,,,,,-0.027169429608277368,0.33102623585288526,-0.027272124072236267
73.4,,,,,,,,,,,invalid,0,0,,,0,0,,,,,,-0.027169429608277368,0.33102623585288526,-0.027272124072236267
73.43333333333334,,,,,,,,,,,invalid,0,0,,,0,0,,,,,,-0.027169429608277368,0.33102623585288526,-0.027272124072236267
73.46666666666667,,,,,,,,,,,invalid,0,0,,,0,0,,,,,,-0.027169429608277368,0.33102623585288526,-0.027272124072236267
73.5,,,,,,,,,,,invalid,0,0,,,0,0,,,,,,-0.027169429608277368,0.33102623585288526,-0.027272124072236267
73.53333333333333,,,,,,,,,,,invalid,0,0,,,0,0,,,,,,-0.027169429608277368,0.33102623585288526,-0.027272124072236267
73.56666666666668,,,,,,,,,,,invalid,0,0,,,0,0,,,,,,-0.027169429608277368,0.33102623585288526,-0.027272124072236267
73.60000000000001,-0.11802501331829562,0.3438439939532438,0.023006110175254814,0.2776718583257235,0.3326567137224774,0.13611518161045275,-0.09085558371001826,0.012817758100358512,0.05027823424749108,0.2048593424413254,transport,1,1,0.0917552833029654,0,0,0,,1.0,-0.1180944220688319,0.34392704517498346,0.022639980101263845,-0.027169429608277368,0.33102623585288526,-0.027272124072236267
73.63333333333334,-0.11344799527598945,0.3435908356212468,0.017944765907737505,0.28224887636802964,0.33240355539048044,0.13105383734293544,-0.08627856566771208,0.01256459976836155,0.04521688997997377,0.2005422290585599,placement_lowering,0,1,0.08718864639972808,0,1,0,,,,,,-0.027169429608277368,0.33102623585288526,-0.027272124072236267
73.66666666666667,-0.10868150950414569,0.3432214617331529,0.013463865293676408,0.28701536213987344,0.3320341815023865,0.12657293672887435,-0.08151207989586833,0.012195225880267613,0.040735989365912675,0.19297250339360414,placement_lowering,0,1,0.08241931025688803,0,1,0,,,,,,-0.027169429608277368,0.33102623585288526,-0.027272124072236267
73.7,-0.10372555600276433,0.34273587228896196,0.009563408333071542,0.2919713156412548,0.3315485920581956,0.12267247976826948,-0.07655612639448696,0.011709636436076698,0.036835532405307805,0.18871386150136496,placement_lowering,0,1,0.07744647231471397,0,1,0,,,,,,-0.027169429608277368,0.33102623585288526,-0.027272124072236267
73.73333333333333,-0.09848946488371327,0.34217289939793727,0.006163016391218976,0.2972074067603059,0.3309856191671709,0.11927208782641692,-0.0713200352754359,0.011146663545052005,0.03343514046345524,0.1836914710678423,placement_lowering,1,1,0.07218584030040803,0,0,0,,,-0.099053992346572,0.3423032896254041,0.005252188095453449,-0.027169429608277368,0.33102623585288526,-0.027272124072236267
73.76666666666667,-0.0931988478104431,0.34144155695347117,0.0034413106194439123,0.30249802383357605,0.3302542767227048,0.11655038205464185,-0.06602941820216573,0.010415321100585906,0.03071343469168018,0.17786878721966276,placement_lowering,1,1,0.06684581499050486,0,0,0,,,-0.0926130592099886,0.3414330500570075,0.003905630206514457,-0.027169429608277368,0.33102623585288526,-0.027272124072236267
73.80000000000001,-0.08768367931153435,0.34048512786812335,0.0015808038305388638,0.30801319233248475,0.329297847637357,0.1146898752657368,-0.060514249703256986,0.009458892015238085,0.028852927902775133,0.1686088046783878,placement_lowering,0,1,0.061249041260284826,0,1,0,,,,,,-0.027169429608277368,0.33102623585288526,-0.027272124072236267
73.83333333333334,-0.0829356766421528,0.3395636067548599,-0.0007409634323739605,0.31276119500186633,0.32837632652409354,0.11236810800282397,-0.055766247033875435,0.00853737090197465,0.026531160639862307,0.1549862395692188,placement_lowering,0,1,0.05641596414279476,1,1,0,,,,,,-0.027169429608277368,0.33102623585288526,-0.027272124072236267
73.86666666666667,-0.0800487987234702,0.33904252750570046,-0.005229946671712292,0.3156480729205489,0.3278552472749341,0.10787912476348564,-0.05287936911519284,0.0080162916528152,0.022042177400523975,0.15844008603147655,placement_lowering,1,1,0.05348353587678927,1,0,0,,,-0.07860062725199968,0.3386795034241857,-0.003509204068287239,-0.027169429608277368,0.33102623585288526,-0.027272124072236267
73.9,-0.07690827476773444,0.3383939381765482,-0.00933586601094968,0.3187885968762847,0.32720665794578185,0.10377320542424825,-0.049738845159457076,0.007367702323662961,0.017936258061286587,0.16562184627485754,placement_lowering,0,1,0.05028156476609051,1,1,0,,,,,,-0.027169429608277368,0.33102623585288526,-0.027272124072236267
73.93333333333334,-0.07505987562888018,0.33802726742420147,-0.015027581751715612,0.32063699601513895,0.3268399871934351,0.09808148968348232,-0.047890446020602814,0.0070010315713162075,0.012244542320520656,0.16573580534787846,placement_lowering,1,1,0.04839947585578627,1,0,0,,,-0.07628048903637871,0.3384515558769948,-0.01641063963532601,-0.027169429608277368,0.33102623585288526,-0.027272124072236267
73.96666666666667,-0.07256074262947011,0.33764634610402167,-0.01946610084737956,0.323136129014549,0.3264590658732553,0.09364297058781838,-0.045391313021192745,0.006620110251136402,0.007806023224856708,0.1367092655939065,placement_lowering,1,1,0.04587152883352705,1,0,0,,,-0.07044684411268312,0.3369374545595288,-0.016730879158639012,-0.027169429608277368,0.33102623585288526,-0.027272124072236267
74.0,-0.06836421049497486,0.3369692245363557,-0.021119602534197108,0.32733266114904425,0.3257819443055893,0.09198946890100083,-0.041194780886697493,0.005942988683470429,0.0061525215380391594,0.1374204513627156,placement_lowering,1,1,0.041621257631105704,1,0,0,,,-0.07078359177727919,0.3375231899394349,-0.02467939096176023,-0.027169429608277368,0.33102623585288526,-0.027272124072236267
74.03333333333333,-0.06370937556610769,0.33642887119078047,-0.0214913503962411,0.33198749607791145,0.3252415909600141,0.09161772103895684,-0.03653994595783032,0.005402635337895201,0.005780773675995169,0.1274935341052038,placement_lowering,1,1,0.03693719154450476,1,0,0,,,-0.06332011493395695,0.33650977798936266,-0.02096533326368154,-0.027169429608277368,0.33102623585288526,-0.027272124072236267
74.06666666666668,-0.06004417994823408,0.3364275952067238,-0.022770784396473186,0.33565269169578504,0.3252403149759574,0.09033828703872475,-0.03287475033995671,0.0054013593538385085,0.004501339675763081,0.12203473208488178,placement_lowering,1,1,0.033315520298860445,1,0,0,,,-0.05840878159114521,0.33585215235115556,-0.020312788553954395,-0.027169429608277368,0.33102623585288526,-0.027272124072236267
74.10000000000001,-0.05567109537876153,0.3363554955790253,-0.02274412696784204,0.3400257762652576,0.3251682153482589,0.0903649444673559,-0.028501665770484165,0.005329259726140012,0.004527997104394228,0.13914811655663006,placement_lowering,0,1,0.02899561968506703,1,1,0,,,,,,-0.027169429608277368,0.33102623585288526,-0.027272124072236267
74.135,-0.050555806159696466,0.33625769837068425,-0.021819546291241658,0.34514106548432266,0.3250704181399179,0.09128952514395627,-0.0233863765514191,0.00523146251779899,0.005452577780994609,0.1208985170713873,placement_lowering,1,1,0.02396436538445992,1,0,0,,,-0.05308658054782694,0.3369466168952076,-0.025485165903489163,-0.027169429608277368,0.33102623585288526,-0.027272124072236267
74.16833333333334,-0.04733199154591689,0.33661145981051155,-0.02265962967664072,0.34836488009810224,0.3254241795797452,0.09044944175855722,-0.020162561937639524,0.005585223957626284,0.004612494395595548,0.09087666590901446,placement_lowering,0,1,0.0209218457729234,1,1,0,,,,,,-0.027169429608277368,0.33102623585288526,-0.027272124072236267
74.20166666666667,-0.044993451299488445,0.33696926074881645,-0.024112717864747838,0.35070342034453067,0.3257819805180501,0.0889963535704501,-0.017824021691211077,0.0059430248959311816,0.0031594062074884292,0.07831095354367439,placement_lowering,1,1,0.01878870123671194,1,0,0,,,-0.040432046847170874,0.33591796196506746,-0.018115506607433798,-0.027169429608277368,0.33102623585288526,-0.027272124072236267
74.235,-0.0433302537774284,0.3372945894199862,-0.025942228185223657,0.35236661786659074,0.3261073091892198,0.08716684324997429,-0.01616082416915103,0.006268353567100926,0.0013298958870126103,0.07791309535107244,placement_lowering,1,1,0.017333911683991093,1,0,0,,,-0.047013841952971515,0.33823631556834793,-0.030860693842349393,-0.027169429608277368,0.33102623585288526,-0.027272124072236267
74.26833333333335,-0.042068667610335106,0.3376110410091081,-0.028356953737735013,0.353628204033684,0.32642376077834173,0.08475211769746292,-0.014899238002057738,0.006584805156222839,-0.0010848296654987453,0.07497800025222652,placement_lowering,1,1,0.016289473655934385,1,0,0,,,-0.04308334171915547,0.3377948481810388,-0.029578064349886597,-0.027169429608277368,0.33102623585288526,-0.027272124072236267
74.30166666666668,-0.041703484985758627,0.3379777848909374,-0.030619000886507826,0.3539933866582605,0.326790504660171,0.08249007054869012,-0.014534055377481259,0.006951549038052118,-0.0033468768142715585,0.09887377745702375,placement_lowering,1,1,0.01611095278821632,1,0,0,,,-0.039086367805529605,0.33725657640588563,-0.02803643255284225,-0.027169429608277368,0.33102623585288526,-0.027272124072236267
74.33500000000001,-0.03554265693722527,0.3367587284060193,-0.027991244983783824,0.3601542147067939,0.3255714481752529,0.08511782645141411,-0.0083732273289479,0.0057324925531340165,-0.0007191209115475564,0.19752914183651946,placement_lowering,1,1,0.01014753205336041,1,0,0,,,-0.035808889578100606,0.3369590278765085,-0.02796973268430141,-0.027169429608277368,0.33102623585288526,-0.027272124072236267
74.36833333333334,-0.029439051071958437,0.33537601114753984,-0.026590761921312645,0.3662578205720607,0.32418873091677347,0.0865183095138853,-0.0022696214636810687,0.004349775294654579,0.0006813621509236222,0.1875683992479494,placement_lowering,1,1,0.00490629460004076,1,0,0,,,-0.03497340632443567,0.3367279092929279,-0.029794112846105437,-0.027169429608277368,0.33102623585288526,-0.027272124072236267
74.40166666666667,-0.023702929556198113,0.33382158084334135,-0.025242056143831477,0.371993942087821,0.322634300612575,0.08786701529136647,0.003466500052079255,0.0027953449904560834,0.0020300679284047905,0.1585300671476801,placement_lowering,1,1,0.0044531535148401745,1,0,0,,,-0.018141214429594415,0.33242127956524414,-0.022138099154427444,-0.027169429608277368,0.33102623585288526,-0.027272124072236267
74.435,-0.019635530100320122,0.3324400400818262,-0.02395109145085905,0.376061341543699,0.32125275985105983,0.08915797998433889,0.007533899507957246,0.0014138042289409403,0.0033210326213772186,0.09430802604799494,placement_lowering,1,1,0.007665408286175611,1,0,0,,,-0.01913553034253668,0.3324312824520943,-0.024191179676289212,-0.027169429608277368,0.33102623585288526,-0.027272124072236267
74.46833333333333,-0.018027010603641397,0.33173767313322106,-0.02351863559864592,0.3776698610403777,0.3205503929024547,0.08959043583655202,0.009142419004635971,0.0007114372803357916,0.0037534884735903468,0.018110627170768934,placement_lowering,1,1,0.0091700582473712,1,0,0,,,-0.019396703405990378,0.3319774279072688,-0.02416324429758354,-0.027169429608277368,0.33102623585288526,-0.027272124072236267
74.50166666666667,-0.0203586847611372,0.3320623310179364,-0.02484111276502884,0.3753381868828819,0.32087505078717005,0.0882679586701691,0.0068107448471401676,0.001036095165051154,0.0024310113072074264,0.05631738165110043,placement_lowering,1,1,0.006889102885273867,1,0,0,,,-0.020662321835024294,0.33197356212811746,-0.024560668017434707,-0.027169429608277368,0.33102623585288526,-0.027272124072236267
74.53500000000001,-0.021266302940114886,0.332029081528969,-0.025394342748057575,0.37443056870390423,0.3208418012982026,0.08771472868714036,0.005903126668162482,0.001002845676083719,0.0018777813241786928,0.031312894743218384,placement_lowering,1,1,0.005987704394040416,1,0,0,,,-0.021059746313363954,0.33217836939575385,-0.02564913760003487,-0.027169429608277368,0.33102623585288526,-0.027272124072236267
74.56833333333334,-0.021972885251625086,0.33202309969142596,-0.026164209057979063,0.373723986392394,0.3208358194606596,0.08694486237721888,0.0051965443566522815,0.0009968638385406958,0.001107915014257204,0.03119131600682728,placement_lowering,1,1,0.005291295754656393,1,0,0,,,-0.02182644190541826,0.332061527665823,-0.025767966622520542,-0.027169429608277368,0.33102623585288526,-0.027272124072236267
74.60166666666667,-0.022633735360480224,0.33210338200986317,-0.026959143051183257,0.3730631362835389,0.3209161017790968,0.08614992838401468,0.004535694247797144,0.001077146156977904,0.0003129810210530104,0.030958316221342062,placement_lowering,1,1,0.004661841498055502,1,0,0,,,-0.023223029531044243,0.33203831928077815,-0.027368420014859986,-0.027169429608277368,0.33102623585288526,-0.027272124072236267
74.635,-0.02344117961955597,0.3322662430911347,-0.02759411310126095,0.3722556920244632,0.32107896286036836,0.08551495833393699,0.0037282499887213993,0.0012400072382494631,-0.00032198902902468365,0.017945493644087603,placement_lowering,1,1,0.00392905407564113,1,0,0,,,-0.02267329150991141,0.33201654454276164,-0.02722360345775995,-0.027169429608277368,0.33102623585288526,-0.027272124072236267
74.66833333333334,-0.023645860616255794,0.3323146728963202,-0.027561015807806823,0.37205101102776333,0.32112739266555385,0.08554805562739112,0.0035235689920215738,0.0012884370434349535,-0.0002888917355705553,0.007770032248033226,placement_lowering,1,1,0.003751747387075965,1,0,0,,,-0.024132295671538247,0.33263059819905294,-0.028029523829934726,-0.027169429608277368,0.33102623585288526,-0.027272124072236267
74.70166666666667,-0.023867775700084026,0.33240254598261365,-0.02733379880445547,0.3718290959439351,0.3212152657518473,0.08577527263074247,0.0033016539081933416,0.0013763101297283864,-6.167473221920308e-05,0.010198529510873607,placement_lowering,1,1,0.0035770306264667814,1,0,0,,,-0.024251323461929968,0.3325227122690064,-0.02765050238294634,-0.027169429608277368,0.33102623585288526,-0.027272124072236267
74.735,-0.024284908979440415,0.3324105150242937,-0.02734959641115776,0.3714119626645787,0.3212232347935273,0.08575947502404017,0.002884520628836953,0.0013842791714084313,-7.74723389214936e-05,0.010444095813648992,placement_lowering,1,1,0.0031994824710538956,1,0,0,,,-0.02334701162475813,0.3319670963887346,-0.02621682198146944,-0.027169429608277368,0.33102623585288526,-0.027272124072236267
74.76833333333335,-0.024515164099732405,0.3321471196157631,-0.02735481777644732,0.3711817075442867,0.3209598393849967,0.08575425365875061,0.0026542655085449625,0.0011208837628778334,-8.269370421105232e-05,0.013754183315401472,placement_lowering,1,1,0.0028812333816847636,1,0,0,,,-0.02498396312350696,0.3324673945590732,-0.027944881316891136,-0.027169429608277368,0.33102623585288526,-0.027272124072236267
74.80166666666668,-0.024963582965936447,0.3320267078685838,-0.027832175769336477,0.3707332886780827,0.3208394276378174,0.08527689566586147,0.002205846642340921,0.001000472015698528,-0.0005600516971002098,0.018472363677171425,placement_lowering,1,1,0.002422127920594325,1,0,0,,,-0.02496876157384458,0.33208343325941453,-0.02789521547485842,-0.027169429608277368,0.33102623585288526,-0.027272124072236267
74.83500000000001,-0.0253545664460855,0.33188250009132947,-0.028216183014949197,0.3703423051979336,0.3206952198605631,0.08489288842024874,0.0018148631621918675,0.0008562642384442043,-0.0009440589427129296,0.009964952028957483,placement_lowering,1,1,0.002006717903323608,1,0,0,,,-0.02540715051700197,0.33159925273466545,-0.02803777121692825,-0.027169429608277368,0.33102623585288526,-0.027272124072236267
74.86833333333334,-0.02537449031034339,0.33158908627078354,-0.028116740384267407,0.37032238133367573,0.32040180604001717,0.08499233105093053,0.0017949392979339784,0.0005628504178982752,-0.0008446163120311399,0.01054628024556513,placement_lowering,1,1,0.0018811187299572526,1,0,0,,,-0.025337382777752226,0.3317950632421455,-0.02842049689528291,-0.027169429608277368,0.33102623585288526,-0.027272124072236267
74.90166666666667,-0.02528571988038728,0.3313122046496134,-0.027810779181076946,0.3704111517636318,0.32012492441884705,0.085298292254121,0.0018837097278900893,0.00028596879672815323,-0.0005386551088406785,0.006549668641092522,placement_lowering,1,1,0.0019052927574653461,1,0,0,,,-0.025221653429485937,0.3313320528463498,-0.027648842117612017,-0.027169429608277368,0.33102623585288526,-0.027272124072236267
74.935,-0.025393541066164548,0.33122501667223797,-0.027876430413747454,0.3703033305778546,0.3200377364414716,0.08523264102145048,0.0017758885421128197,0.0001987808193527063,-0.0006043063415111863,0.003909361651943683,placement_lowering,1,1,0.0017869789948821808,1,0,0,,,-0.025581925385130863,0.3311986978364497,-0.027983177882991674,-0.027169429608277368,0.33102623585288526,-0.027272124072236267
74.96833333333333,-0.025442928964743747,0.3311045504027678,-0.027801295281900115,0.37025394267927536,0.31991727017200144,0.08530777615329782,0.001726500643533621,7.831454988255215e-05,-0.0005291712096638472,0.004308175188660909,placement_lowering,1,1,0.0017282759157163867,1,0,0,,,-0.024977170617947134,0.3308470343320509,-0.02717851382218734,-0.027169429608277368,0.33102623585288526,-0.027272124072236267
75.00166666666667,-0.02560116463623728,0.33115750294580676,-0.028063044718096862,0.3700957070077818,0.3199702227150404,0.08504602671710107,0.001568264972040087,0.0001312670929214943,-0.0007909206458605947,0.00606803841069562,placement_lowering,1,1,0.0015737490499479118,1,0,0,,,-0.0261413728763628,0.3314513167177295,-0.028898002428972867,-0.027169429608277368,0.33102623585288526,-0.027272124072236267
75.03500000000001,-0.025642170745822607,0.33122470077663463,-0.028132227132745664,0.37005470089819653,0.32003742054586826,0.08497684430245228,0.0015272588624547605,0.00019846492374936409,-0.0008601030605093971,0.003313566201818374,placement_lowering,1,1,0.0015400999834119375,1,0,0,,,-0.025312012759700353,0.33114034610942455,-0.027660648834976646,-0.027169429608277368,0.33102623585288526,-0.027272124072236267
75.06833333333334,-0.02572866320869203,0.3312760803551974,-0.02819899423772799,0.3699682084353271,0.320088800124431,0.08491007719746994,0.0014407663995853366,0.0002498445023121354,-0.0009268701654917243,0.0031499312367377383,placement_lowering,1,1,0.0014622688171159544,1,0,0,,,-0.02590235432351385,0.3312304197871687,-0.028398478387198407,-0.027169429608277368,0.33102623585288526,-0.027272124072236267
75.10166666666667,-0.025608853381483106,0.33112357981211715,-0.027951222772526936,0.370088018262536,0.3199362995813508,0.08515784866267101,0.0015605762267942615,9.73439592318881e-05,-0.0006790987002906687,0.0038148750408781495,placement_lowering,1,1,0.0015636092881645188,1,0,0,,,-0.025554892653202006,0.3311995924945856,-0.02792216922055309,-0.027169429608277368,0.33102623585288526,-0.027272124072236267
75.135,-0.025856083070343556,0.33105799225083243,-0.028169279517430177,0.3698407885736756,0.31987071202006606,0.08493979191776777,0.001313346537933812,3.175639794716911e-05,-0.0008971554451939097,0.004373095224174567,placement_lowering,1,1,0.0013137304127991058,1,0,0,,,-0.025696602949036633,0.3310483051465215,-0.0279811751582217,-0.027169429608277368,0.33102623585288526,-0.027272124072236267
75.16833333333334,-0.0257064834073201,0.3308550420677764,-0.028009112701475086,0.369990388236699,0.31966776183701,0.08509995873372285,0.0014629462009572679,-0.00017119378510888072,-0.0007369886292388182,0.005865812889183327,placement_lowering,1,1,0.001472928680878748,1,0,0,,,-0.025887785799891073,0.3308298398018722,-0.028193941584243966,-0.027169429608277368,0.33102623585288526,-0.027272124072236267
75.20166666666667,-0.0258066697382508,0.33067066351985736,-0.028147874883999342,0.3698902019057683,0.319483383289091,0.0849611965511986,0.0013627598700265663,-0.00035557233302790925,-0.000875750811763075,0.0056210093440374155,placement_lowering,1,1,0.0014083842328603846,1,0,0,,,-0.026004360561310023,0.3307411226541055,-0.028262596996521144,-0.027169429608277368,0.33102623585288526,-0.027272124072236267
75.235,-0.02583989188434422,0.3305449809824521,-0.028171869697044445,0.3698569797596749,0.31935770075168574,0.0849372017381535,0.0013295377239331482,-0.0004812548704331565,-0.0008997456248081778,0.0032967772808763893,placement_lowering,1,1,0.0014139578528644234,1,0,0,,,-0.025325333009835607,0.33046541382094535,-0.027835974775752982,-0.027169429608277368,0.33102623585288526,-0.027272124072236267
75.26833333333335,-0.025876730378734204,0.33063714698398666,-0.028353480481062423,0.3698201412652849,0.3194498667532203,0.08475559095413551,0.0012926992295431636,-0.0003890888688986016,-0.0010813564088261556,0.00616284027269798,placement_lowering,1,1,0.0013499857206512526,1,0,0,,,-0.026210049224840038,0.33056187068290876,-0.028553166250854592,-0.027169429608277368,0.33102623585288526,-0.027272124072236267
75.30166666666668,-0.025981408557108256,0.33066341245206027,-0.028538952366222538,0.3697154630869109,0.3194761322212939,0.08457011906897541,0.0011880210511691115,-0.0003628234008249964,-0.0012668282939862704,0.010505831809776845,placement_lowering,1,1,0.0012421895339307834,1,0,0,,,-0.02598967174974441,0.3306533944488779,-0.028335495178882793,-0.027169429608277368,0.33102623585288526,-0.027272124072236267
75.33500000000001,-0.026396126689133888,0.3308032526576845,-0.028793003894898316,0.36930074495488524,0.31961597242691814,0.08431606754029962,0.0007733029191434801,-0.00022298319520075438,-0.0015208798226620489,0.011175684305370593,placement_lowering,1,1,0.0008048098595927895,1,0,0,,,-0.02608261348267686,0.33099217429820754,-0.02888154962476412,-0.027169429608277368,0.33102623585288526,-0.027272124072236267
75.36833333333334,-0.0259312138990353,0.3304975202756042,-0.027814346777984188,0.3697656577449838,0.3193102400448378,0.08529472465721374,0.0012382157092420687,-0.0005287155772810692,-0.0005422227057479204,0.027320188194309248,placement_lowering,1,1,0.0013463722755142774,1,0,0,,,-0.026217192855060314,0.33040303449438685,-0.028261225038426832,-0.027169429608277368,0.33102623585288526,-0.027272124072236267
75.40166666666667,-0.02567998487455536,0.33020699980121954,-0.027228099985458457,0.37001688676946376,0.31901971957045316,0.08588097144973948,0.0014894447337220063,-0.0008192360516657282,4.402408677781078e-05,0.016324441068213357,placement_lowering,1,1,0.0016998803849568563,1,0,0,,,-0.02634647763305339,0.33054473458668077,-0.027702583632357818,-0.027169429608277368,0.33102623585288526,-0.027272124072236267
75.435,-0.02547682530338009,0.3300294409385527,-0.026943243410418604,0.37022004634063904,0.3188421607077863,0.08616582802477933,0.001692604304897278,-0.0009967949143325772,0.0003288806618176633,0.0036726136990993343,placement_lowering,1,1,0.0019643088948014483,1,0,0,,,-0.024259868044881512,0.32940223805127095,-0.02509669349123587,-0.027169429608277368,0.33102623585288526,-0.027272124072236267
75.46833333333333,-0.02565774211235682,0.3301509502944168,-0.027465398921674877,0.3700391295316623,0.31896367006365045,0.08564367251352306,0.0015116874959205488,-0.0008752855584684416,-0.00019327484943860995,0.015047682541009284,placement_lowering,1,1,0.0017468039083382973,1,0,0,,,-0.025933962867130123,0.33031896255849,-0.028211162991349202,-0.027169429608277368,0.33102623585288526,-0.027272124072236267
75.50166666666667,-0.025706269076416682,0.33023934404190086,-0.027897006493868972,0.3699906025676024,0.3190520638111345,0.08521206494132896,0.0014631605318606855,-0.0007868918109844025,-0.0006248824216327047,0.023039219201242547,placement_lowering,1,1,0.0016613360479412818,1,0,0,,,-0.026039206007647135,0.33046220161372036,-0.028441322200213903,-0.027169429608277368,0.33102623585288526,-0.027272124072236267
75.53500000000001,-0.026398586807348395,0.3305438996722032,-0.02875220738431641,0.3692982848366707,0.31935661944143684,0.08435686405088152,0.0007708428009289732,-0.00048233618068205253,-0.001480083312080143,0.007347410149268632,placement_lowering,1,1,0.0009093111760772405,1,0,0,,,-0.02654617878352944,0.3304954746241113,-0.028847882514249325,-0.027169429608277368,0.33102623585288526,-0.027272124072236267
75.56833333333334,-0.025969522363028356,0.3303847782796125,-0.02828362958658258,0.36972734928099077,0.3191974980488461,0.08482544184861536,0.0011999072452490121,-0.0006414575732727745,-0.0010115055143463114,0.006943396030842723,placement_lowering,1,1,0.0013606047241980566,1,0,0,,,-0.02538159178260874,0.3302819891801119,-0.02753090304796943,-0.027169429608277368,0.33102623585288526,-0.027272124072236267
75.60166666666667,-0.026029735118052066,0.33040515137163395,-0.028509375480596958,0.36966713652596705,0.3192178711408676,0.08459969595460098,0.0011396944902253014,-0.0006210844812513105,-0.0012372514083606907,0.03186197455149066,placement_lowering,1,1,0.0012979404700914135,1,0,0,,,-0.026777532784550202,0.3305295110162589,-0.029042007208369938,-0.027169429608277368,0.33102623585288526,-0.027272124072236267
75.635,-0.024868436659851882,0.33015533124075397,-0.030085545106502787,0.37082843498416723,0.3189680510099876,0.08302352632869515,0.0023009929484254857,-0.0008709046121312958,-0.00281342103426652,0.018075500394651563,placement_lowering,1,1,0.002460293354893959,1,0,0,,,-0.024796233068601983,0.33012625931860423,-0.02776914881744406,-0.027169429608277368,0.33102623585288526,-0.027272124072236267
75.66833333333334,-0.025891655025408904,0.3303089856558242,-0.02731614815901408,0.3698052166186102,0.31912170542505786,0.08579292327618386,0.0012777745828684642,-0.0007172501970610368,-4.402408677781425e-05,0.1714774135094254,placement_lowering,1,1,0.0014653176207937901,1,0,0,,,-0.026445916878815545,0.3305854759555672,-0.029154262711771583,-0.027169429608277368,0.33102623585288526,-0.027272124072236267
75.70166666666667,-0.028509995649579796,0.331062088249697,-0.019287234063593527,0.36718687599443933,0.31987480801893065,0.0938218373716044,-0.0013405660413024281,3.585239681175301e-05,0.00798489000864274,0.1907972733921505,placement_lowering,1,1,0.001341045377849091,1,0,0,,,-0.024391558045881456,0.3299831689066954,-0.026760633918084333,-0.027169429608277368,0.33102623585288526,-0.027272124072236267
75.735,-0.030178627192114286,0.33154228895153887,-0.01540419582831768,0.36551824445190484,0.3203550087207725,0.09770487560688026,-0.003009197583836918,0.0005160530986536016,0.011867928243918587,0.06603077037006792,placement_lowering,1,1,0.0030531264138911655,1,0,0,,,-0.03345212576096535,0.3320581530087768,-0.008472029938030888,-0.027169429608277368,0.33102623585288526,-0.027272124072236267
75.76833333333335,-0.03024234538171842,0.3315845470319492,-0.015274247970307507,0.3654545262623007,0.3203972668011828,0.09783482346489043,-0.0030729157734410532,0.0005583111790639084,0.01199787610192876,0.06783225644687414,placement_lowering,1,1,0.003123223130570494,1,0,0,,,-0.03322460068817876,0.3327326079916721,-0.007549864699761641,-0.027169429608277368,0.33102623585288526,-0.027272124072236267
75.80166666666668,-0.02971760707152664,0.33150110982200415,-0.019902596570510005,0.36597926457249247,0.3203138295912378,0.09320647486468793,-0.002548177463249271,0.000474873969118883,0.007369527501726262,0.1908985822551277,placement_lowering,1,1,0.002592048161350057,1,0,0,,,-0.025963344609961695,0.3304788413938014,-0.0279616520624071,-0.027169429608277368,0.33102623585288526,-0.027272124072236267
75.83500000000001,-0.027003491499926768,0.33080137333969245,-0.027556841474856875,0.36869338014409236,0.3196140931089261,0.08555222996034106,0.00016593810835060022,-0.00022486251319281392,-0.0002847174026206073,0.1700327952120063,placement_lowering,1,1,0.00027946127753655597,1,0,0,,,-0.026872990012924692,0.33062704894011086,-0.02874426778312899,-0.027169429608277368,0.33102623585288526,-0.027272124072236267
75.86833333333334,-0.025966178073442994,0.3304003561327165,-0.03054257440045194,0.36973069357057614,0.31921307590195014,0.082566497034746,0.0012032515348343736,-0.0006258797201687538,-0.003270450328215671,0.016341870611853767,placement_lowering,1,1,0.001356296309882097,1,0,0,,,-0.027438792222759058,0.33086721815776265,-0.029449058602293875,-0.027169429608277368,0.33102623585288526,-0.027272124072236267
75.90166666666667,-0.026715921039719898,0.33056933951879913,-0.028581723106568778,0.36898095060429925,0.31938205928803276,0.08452734832862915,0.00045350856855747024,-0.00045689633408613206,-0.0013095990343325106,0.03279400095172195,placement_lowering,1,1,0.0006437579373152553,1,0,0,,,-0.02607442291685221,0.33039815038572373,-0.027891914569141925,-0.027169429608277368,0.33102623585288526,-0.027272124072236267
75.935,-0.026617317162622427,0.3305232220130998,-0.028459143557542456,0.3690795544813967,0.31933594178233343,0.08464992787765549,0.0005521124456549405,-0.00050301383978546,-0.0011870194853061886,0.03456910979526884,placement_lowering,1,1,0.0007468942868055639,1,0,0,,,-0.02622162444075101,0.33045641443562807,-0.028180872714373025,-0.027169429608277368,0.33102623585288526,-0.027272124072236267
75.96833333333333,-0.026165053295156757,0.33033499412745193,-0.030807221222384076,0.36953181834886234,0.31914771389668556,0.08230185021281386,0.0010043763131206106,-0.0006912417254333336,-0.0035350971501478083,0.04599545765958896,placement_lowering,1,1,0.0012192567003456668,1,0,0,,,-0.027285994685726345,0.3305773978886225,-0.028947143425504553,-0.027169429608277368,0.33102623585288526,-0.027272124072236267
76.00166666666667,-0.027936354991619332,0.3310247483715757,-0.02573679204808406,0.3677605166523998,0.3198374681408093,0.08737227938711388,-0.000766925383341964,-1.4874813095699935e-06,0.0015353320241522084,0.1340202997535762,placement_lowering,1,1,0.0007669268258542432,1,0,0,,,-0.026999691720468903,0.3307141880321134,-0.02897886707356852,-0.027169429608277368,0.33102623585288526,-0.027272124072236267
76.03500000000001,-0.028823141952505144,0.33133584185493287,-0.022336005603948245,0.366873729691514,0.3201485616241665,0.0907730658312497,-0.0016537123442277764,0.00030960600204760214,0.004936118468288023,0.07087723378335235,placement_lowering,1,1,0.0016824447669850048,1,0,0,,,-0.027159844044746348,0.330775324554892,-0.029226841860714215,-0.027169429608277368,0.33102623585288526,-0.027272124072236267
76.06833333333334,-0.029031145362216036,0.3314056760744518,-0.02115603223825606,0.3666657262818031,0.32021839584368544,0.09195303919694188,-0.0018617157539386683,0.00037944022156655155,0.006116091833980208,0.004362040823250733,placement_lowering,1,1,0.0018999895868677538,1,0,0,,,-0.03284447850419485,0.33290825592831796,-0.0055474745605484065,-0.027169429608277368,0.33102623585288526,-0.027272124072236267
76.10166666666667,-0.028699390935322238,0.3312104001344602,-0.02210466973692377,0.36699748070869687,0.3200231199036938,0.09100440169827417,-0.0015299613270448702,0.0001841642815749167,0.005167454335312498,0.06695430251914337,placement_lowering,1,1,0.001541005562890967,1,0,0,,,-0.027029441301621843,0.33044682270158926,-0.02841228045450752,-0.027169429608277368,0.33102623585288526,-0.027272124072236267
76.135,-0.02783556581513519,0.3309003859535626,-0.025426767121621913,0.36786130582888393,0.3197131057227962,0.08768230431357603,-0.0006661362068578237,-0.0001258498993226831,0.001845356950614354,0.17438479708931692,placement_lowering,1,1,0.0006779200861801181,1,0,0,,,-0.027200503869571634,0.3306345447963102,-0.029203175679036596,-0.027169429608277368,0.33102623585288526,-0.027272124072236267
76.16833333333334,-0.02591273926868159,0.33014857704385153,-0.03334134696500485,0.3697841323753375,0.31896129681308516,0.07976772447019309,0.0012566903395957764,-0.0008776588090337323,-0.00606922289276858,0.004466092448496008,placement_lowering,1,1,0.001532826015798224,1,0,0,,,-0.026710803199852595,0.33053144009082486,-0.028521110109299183,-0.027169429608277368,0.33102623585288526,-0.027272124072236267
76.20166666666667,-0.027869938267454576,0.33089075822444414,-0.025722359153262105,0.3678269333765645,0.31970347799367776,0.08738671228193584,-0.0007005086591772083,-0.00013547762844112743,0.0015497649189741627,0.1719784025455091,placement_lowering,1,1,0.0007134890114012146,1,0,0,,,-0.02720066600252211,0.33072903915407703,-0.029238960953283214,-0.027169429608277368,0.33102623585288526,-0.027272124072236267
76.235,-0.02873676294473327,0.33115041923658545,-0.02227461172342167,0.36696010869928586,0.3199631390058191,0.09083445971177627,-0.001567333336455902,0.00012418338370018267,0.004997512348814598,0.03938832912068983,placement_lowering,1,1,0.001572245305400279,1,0,0,,,-0.027056928704333655,0.3303822607206221,-0.02898304320105138,-0.027169429608277368,0.33102623585288526,-0.027272124072236267
76.26833333333335,-0.02823626582421782,0.33105398822194293,-0.023127277059969052,0.3674606058198013,0.31986670799117656,0.08998179437522888,-0.0010668362159404511,2.7752369057665316e-05,0.004144847012267215,0.052187285104602694,placement_lowering,1,1,0.0010671971259474293,1,0,0,,,-0.03289263499934787,0.33272610241360717,-0.005611663069742149,-0.027169429608277368,0.33102623585288526,-0.027272124072236267
76.30166666666668,-0.029579983154420113,0.33138964434673585,-0.01890767661390447,0.366116888489599,0.3202023641159695,0.09420139482129347,-0.002410553546142745,0.00036340849385058105,0.008364447458331797,0.06238704106415427,placement_lowering,1,1,0.002437792881321978,1,0,0,,,-0.026981441914869498,0.33053392623023187,-0.02857402982695503,-0.027169429608277368,0.33102623585288526,-0.027272124072236267
76.33500000000001,-0.02998658728933841,0.3315279882887438,-0.01938426870277384,0.3657102843546807,0.32034070805797743,0.0937248027324241,-0.0028171576810610416,0.0005017524358585379,0.007887855369462429,0.07833362282854126,placement_lowering,1,1,0.0028614913780843727,1,0,0,,,-0.02658100635359016,0.33058743992635686,-0.028548634402173093,-0.027169429608277368,0.33102623585288526,-0.027272124072236267
76.36833333333334,-0.029084251437333147,0.33122422906816934,-0.02410370340014921,0.36661262020668595,0.32003694883740297,0.08900536803504873,-0.0019148218290557795,0.00019799321528407576,0.003168420672087058,0.05634804219806493,placement_lowering,1,1,0.001925030895940906,1,0,0,,,-0.03472024853535739,0.3326663214996119,-0.007635913622320658,-0.027169429608277368,0.33102623585288526,-0.027272124072236267
76.40166666666667,-0.029563660042226558,0.3314706302526953,-0.02311648070366466,0.3661332116017926,0.3202833500219289,0.08999259073153328,-0.0023942304339491897,0.00044439439981003304,0.004155643368571608,0.06207156036967579,placement_lowering,1,1,0.0024351233548695317,1,0,0,,,-0.027731247496461647,0.33106193736125183,-0.029648866645861832,-0.027169429608277368,0.33102623585288526,-0.027272124072236267
76.435,-0.027723916496309824,0.33102772333419483,-0.028006878935982544,0.3679729551477093,0.31984044310342846,0.0851021924992154,-0.0005544868880324565,1.4874813095699935e-06,-0.0007347548637462765,0.07729630752008435,placement_lowering,1,1,0.000554488883207377,1,0,0,,,-0.027158322089574305,0.33091270484163704,-0.028922980748656932,-0.027169429608277368,0.33102623585288526,-0.027272124072236267
76.46833333333333,-0.02733536771662797,0.33088548242540966,-0.027725886597374017,0.36836150392739114,0.3196982021946433,0.08538318483782392,-0.00016593810835060369,-0.00014075342747560393,-0.0004537625251377492,0.08011710621051271,placement_lowering,1,1,0.0002175936192748004,1,0,0,,,-0.02739000233922609,0.33086969608988614,-0.028863167914336223,-0.027169429608277368,0.33102623585288526,-0.027272124072236267
76.50166666666667,-0.028884799565596905,0.331327650273127,-0.022802056628432425,0.3668120720784222,0.3201403700423606,0.0903070148067655,-0.0017153699573195375,0.00030141442024173015,0.004470067443803842,0.08878437488306998,placement_lowering,1,1,0.0017416500059438149,1,0,0,,,-0.026251718793386995,0.3306640199289614,-0.02826834263277926,-0.027169429608277368,0.33102623585288526,-0.027272124072236267
76.53500000000001,-0.02929191542103078,0.33152318913594153,-0.02217617319115358,0.36640495622298835,0.32033590890517516,0.09093289824404435,-0.0021224858127534135,0.0004969532830562673,0.005095950881082688,0.04302538566405227,placement_lowering,1,1,0.00217988728857249,1,0,0,,,-0.03419369824884411,0.3326063445065996,-0.00800205745355767,-0.027169429608277368,0.33102623585288526,-0.027272124072236267
76.56833333333334,-0.028507234964572643,0.3313384394881416,-0.025645437041203707,0.3671896366794465,0.32015115925737525,0.08746363439399424,-0.0013378053562952755,0.0003122036352563584,0.0016266870310325601,0.01601028331293825,placement_lowering,1,1,0.0013737518994343973,1,0,0,,,-0.02724093989418208,0.33131264646176,-0.0303137210988675,-0.027169429608277368,0.33102623585288526,-0.027272124072236267
76.60166666666667,-0.02914431610524111,0.3317128129153062,-0.02321612416483358,0.366552555538778,0.3205255326845398,0.08989294727036436,-0.001974886496963743,0.0006865770624209233,0.004055999907402689,0.009618871927228649,placement_lowering,1,1,0.002090828720515449,1,0,0,,,-0.02720936758147027,0.33108795326683194,-0.029319466845292654,-0.027169429608277368,0.33102623585288526,-0.027272124072236267
76.635,-0.028474816169169203,0.33167391182632006,-0.02509989206655381,0.36722205547484993,0.3204866315955537,0.08800917936864414,-0.001305386560891835,0.0006476759734347914,0.0021722320056824576,0.01988760075709744,placement_lowering,1,1,0.001457229645567821,1,0,0,,,-0.027331540804310186,0.3310824882113158,-0.029254545166060936,-0.027169429608277368,0.33102623585288526,-0.027272124072236267
76.66833333333334,-0.02938979941173941,0.33192749494806145,-0.021931016616617782,0.3663070722322797,0.3207402147172951,0.09117805481858016,-0.0022203698034620432,0.0009012590951761879,0.005341107455618485,0.03516993777475745,placement_lowering,1,1,0.002396311753667263,1,0,0,,,-0.03321140704988996,0.33337360743149685,-0.006206671593864319,-0.027169429608277368,0.33102623585288526,-0.027272124072236267
76.70166666666667,-0.028735521363486314,0.3317162230643822,-0.02277015283531129,0.3669613502805328,0.3205289428336158,0.09033891859988664,-0.001566091755208946,0.0006899872114969341,0.004501971236924977,0.06676805220699254,placement_lowering,1,1,0.0017113520204103984,1,0,0,,,-0.027790848680308053,0.33131461282060715,-0.03059837996090366,-0.027169429608277368,0.33102623585288526,-0.027272124072236267
76.735,-0.027680741741536577,0.3312694722072283,-0.025988027878246125,0.36801612990248256,0.3200821919764619,0.08712104355695181,-0.0005113121332592091,0.00024323635434303492,0.0012840961939901419,0.12918669219600323,placement_lowering,1,1,0.0005662190580439461,1,0,0,,,-0.026291131545780867,0.33093186107518274,-0.028786550835968282,-0.027169429608277368,0.33102623585288526,-0.027272124072236267
76.76833333333335,-0.02574995435064634,0.33047511095348425,-0.030752649873500803,0.36994691729337276,0.3192878307227179,0.08235642156169713,0.0014194752576310275,-0.0005511248994010121,-0.0034805258012645356,0.04104174187300038,placement_lowering,1,1,0.0015227109580502952,1,0,0,,,-0.026024008101898623,0.33047730720262347,-0.027851756907961885,-0.027169429608277368,0.33102623585288526,-0.027272124072236267
76.80166666666668,-0.026124168931246552,0.3305800744799633,-0.028130023048334646,0.3695727027127726,0.3193927942491969,0.08497904838686329,0.001045260677030816,-0.00044616137292197156,-0.0008578989760983785,0.002553100700881119,placement_lowering,1,1,0.001136498945725221,1,0,0,,,-0.02687656762932646,0.33074894807022637,-0.029327378647636425,-0.027169429608277368,0.33102623585288526,-0.027272124072236267
76.83500000000001,-0.025888452184679916,0.3304343133595688,-0.030842784392872948,0.3698084194593392,0.3192470331288024,0.082266287042325,0.0012809774235974514,-0.0005919224933164657,-0.00357066032063668,0.04364502197590506,placement_lowering,1,1,0.001411125578345296,1,0,0,,,-0.025616163685233985,0.3304091606982027,-0.027275576007091053,-0.027169429608277368,0.33102623585288526,-0.027272124072236267
76.86833333333334,-0.0276117581836186,0.33102024982112505,-0.02566841939988775,0.3680851134604005,0.3198329695903587,0.08744065203531019,-0.00044232857534123177,-5.986031760218946e-06,0.001603704672348518,0.13517052298808677,placement_lowering,1,1,0.00044236907796503825,1,0,0,,,-0.027111716698601507,0.3309363904805416,-0.029524376315055785,-0.027169429608277368,0.33102623585288526,-0.027272124072236267
76.90166666666667,-0.028561752418257806,0.33130087621440685,-0.022280816657508872,0.3671351192257613,0.3201135959836405,0.09082825477768906,-0.0013923228099804383,0.0002746403615215831,0.004991307414727395,0.06801616315707164,placement_lowering,1,1,0.0014191512024335285,1,0,0,,,-0.026998151972217038,0.3306777044216347,-0.029530592770004884,-0.027169429608277368,0.33102623585288526,-0.027272124072236267
76.935,-0.02904586850626378,0.3313744737381524,-0.021381376712697145,0.36665100313775534,0.320187193507386,0.0917276947225008,-0.001876438897986412,0.00034823788526711086,0.005890747359539122,0.0034371363478410384,placement_lowering,1,1,0.001908479122917453,1,0,0,,,-0.03303478650835781,0.33272844418174513,-0.0054575184687049895,-0.027169429608277368,0.33102623585288526,-0.027272124072236267
76.96833333333333,-0.028466345148466222,0.33113195030481357,-0.022158883314882166,0.3672305264955529,0.3199446700740472,0.09095018812031577,-0.0012969155401888546,0.00010571445192830708,0.005113240757354101,0.06459852790353782,placement_lowering,1,1,0.0013012169164785137,1,0,0,,,-0.026653517594090917,0.33056412009492897,-0.02856100850171199,-0.027169429608277368,0.33102623585288526,-0.027272124072236267
77.00166666666667,-0.02747088087850063,0.33076658298792894,-0.025343246887891063,0.3682259907655185,0.31957930275716256,0.08776582454730687,-0.0003014512702232616,-0.0002596528649563279,0.0019288771843452047,0.13808253855732294,placement_lowering,1,1,0.0003978598730699628,1,0,0,,,-0.026562595421591544,0.3304182423307815,-0.02878168225802447,-0.027169429608277368,0.33102623585288526,-0.027272124072236267
