video_time_s,normalized_time,longitudinal,lateral,lift,valid
60.995000000000005,-0.521912350597609,0.003485973708125574,-0.002038336295166664,0.00762284963605268,1
61.028333333333336,-0.5146685983339367,0.016726939328766097,0.004561152219840034,-0.009613540624402095,1
61.06166666666667,-0.5074248460702646,0.01257013349763109,0.0028196390474109047,-0.004080847801152035,1
61.095000000000006,-0.5001810938065909,0.016728396020851636,0.006032236929069331,-0.015977355787239248,1
61.12833333333334,-0.4929373415429187,0.005585520160529719,0.0037889744465848343,-0.0015043155358718497,1
61.16166666666667,-0.48569358927924655,0.003035789200863631,0.0027276870535158874,-0.002636959512583655,1
61.19500000000001,-0.4784498370155728,-0.007519128582972447,-0.002052117363204242,0.011367453339407507,1
61.22833333333334,-0.4712060847519007,-0.021598126952650433,-0.009246417021381919,0.03267452555439613,1
61.26166666666667,-0.4639623324882285,-0.03837637216735089,-0.017808376186479825,0.05937412788106111,1
61.295,-0.4567185802245563,-0.03460699669446479,-0.01613470429843095,0.048991560531931745,1
61.32833333333334,-0.4494748279608826,-0.031149246803855897,-0.013031160826542574,0.038659729594451284,1
61.36166666666667,-0.44223107569721043,2.9566042363096746e-05,0.0030848854540684208,-0.0216838151304259,1
61.395,-0.43498732343353824,0.0037158383387285543,0.006778603093659922,-0.02921084618882078,1
61.428333333333335,-0.42774357116986605,0.00883282344233589,0.008342588943172047,-0.0435893096914182,1
61.46166666666667,-0.42049981890619237,-0.007411211049518346,0.0019226983144244078,-0.016506858878234595,1
61.495000000000005,-0.4132560666425202,-0.02184429163243991,-0.004596277991303724,0.008866953069944136,1
61.528333333333336,-0.40601231437884805,-0.03948033411600441,-0.010042128466700741,0.041481341273562206,1
61.56166666666667,-0.39876856211517586,-0.026952739782697403,-0.0031353583080339013,0.013870805515101598,1
61.595000000000006,-0.3915248098515021,-0.032055204373042955,-0.002524385624718186,0.020969585353354223,1
61.62833333333334,-0.38428105758783,-0.024488886932317825,0.002577508967508923,0.002022854994924087,1
61.66166666666667,-0.3770373053241578,-0.028190301400615653,0.0037344216088985565,0.007104981327295715,1
61.69500000000001,-0.36979355306048406,-0.03707866789024015,0.0007369698768967639,0.026020921536795825,1
61.72833333333334,-0.3625498007968119,-0.05332808862550592,-0.006716924887355217,0.05804659952629672,1
61.76166666666667,-0.35530604853313974,-0.0486684781649303,-0.0074279489396588076,0.046532818852554794,1
61.795,-0.34806229626946755,-0.0503264492577917,-0.009729930639332043,0.047524861359366746,1
61.82833333333334,-0.34081854400579387,-0.05084681806177934,-0.009967140481451144,0.0467081046614088,1
61.86166666666667,-0.3335747917421217,-0.051872169665077225,-0.01026688586026114,0.04728858691153382,1
61.895,-0.3263310394784495,-0.05047691430717665,-0.0075744270149813485,0.04568209099081941,1
61.928333333333335,-0.31908728721477736,-0.04989957774832612,-0.00650687001544427,0.04515507307970842,1
61.96166666666667,-0.3118435349511036,-0.05661931204597684,-0.008923653965062726,0.061069842886920564,1
61.995000000000005,-0.30459978268743143,-0.041043000651742746,-0.005838271988449135,0.02659036947644077,1
62.028333333333336,-0.2973560304237593,-0.03025831146431787,-0.0014875177681052353,0.0019155008916204096,1
62.06166666666667,-0.2901122781600871,-0.037232810492430414,-0.0067998346000633795,0.012576475370800796,1
62.095000000000006,-0.2828685258964134,-0.024765422839117455,-0.004369991404071478,-0.016870097975045763,1
62.12833333333334,-0.27562477363274124,-0.02503754954254675,-0.004575539795994006,-0.018009159740756914,1
62.16166666666667,-0.26838102136906905,-0.038618897457221434,-0.007991836623381493,0.010170734069927205,1
62.19500000000001,-0.26113726910539536,-0.042718429732585717,-0.007888292486814823,0.01770289431184927,1
62.22833333333334,-0.2538935168417232,-0.04149136286196193,-0.004416955762960325,0.012812830603323175,1
62.26166666666667,-0.246649764578051,-0.037731298755799086,-0.0036905981148534434,0.004629177126149538,1
62.295,-0.23940601231437883,0.0022728908887933072,0.007406640922806665,-0.07745393771447143,1
62.32833333333334,-0.23216226005070512,0.007447243501833622,0.009998598832837114,-0.08648987213037171,1
62.36166666666667,-0.22491850778703296,0.010789657821731495,0.013669899018076612,-0.08966707897149859,1
62.395,-0.21767475552336077,0.00885066608611507,0.014169706033636311,-0.08122825019655538,1
62.428333333333335,-0.2104310032596886,0.0005223165764100982,0.011247166489866648,-0.06559354694645388,1
62.46166666666667,-0.2031872509960149,-0.010648414122172213,0.008248956592359342,-0.04192437051991983,1
62.495000000000005,-0.1959434987323427,-0.0186375644815392,0.004670495885162936,-0.02483699372848528,1
62.528333333333336,-0.18869974646867055,-0.0485974508231416,-0.005421365935898096,0.03651020594654899,1
62.56166666666667,-0.1814559942049984,-0.059295999377620034,-0.009194468495531915,0.05731552562681789,1
62.595000000000006,-0.17421224194132467,-0.05145026314745133,-0.007747652175082547,0.041166482211676445,1
62.62833333333334,-0.1669684896776525,-0.0518549696766563,-0.009058836624285069,0.03995920552206788,1
62.66166666666667,-0.15972473741398033,-0.05048368647643781,-0.008080402613287472,0.039101782909531146,1
62.69500000000001,-0.1524809851503066,-0.050063903618474404,-0.008085295358945959,0.03908362012833049,1
62.72833333333334,-0.14523723288663443,-0.05115311520990839,-0.008504407074102797,0.0413267656183172,1
62.76166666666667,-0.13799348062296227,-0.058887909433371965,-0.009323348377237212,0.057042222844622945,1
62.795,-0.1307497283592901,-0.041252879377016216,-0.0037377131935422744,0.01820440194707074,1
62.82833333333334,-0.12350597609561638,-0.02982138415164658,0.001256819421165414,-0.007048209209138595,1
62.86166666666667,-0.1162622238319442,-0.02412496488465669,0.0052871386642630806,-0.017133476457280868,1
62.895,-0.10901847156827203,-0.02646752629134024,0.0055360557569420375,-0.011524285657429486,1
62.928333333333335,-0.10177471930459987,-0.037168490596225075,0.0028522579956236278,0.011761933579405965,1
62.96166666666667,-0.09453096704092616,-0.053330973045512334,0.0006012202630148588,0.048933337655883716,1
62.995000000000005,-0.08728721477725399,-0.047369495949861215,0.0009089006377429575,0.034978069772534745,1
63.028333333333336,-0.08004346251358181,-0.04623598768511264,0.002715964916677031,0.03367921487356009,1
63.06166666666667,-0.07279971024990964,-0.05328196223150889,0.0018963389394172118,0.048762620255802434,1
63.095000000000006,-0.06555595798623592,-0.03654257144037598,0.003890771834548742,0.010855159528283432,1
63.12833333333334,-0.05831220572256375,-0.03385928351306162,0.003996068602836904,0.004820622628267863,1
63.16166666666667,-0.051068453458891584,-0.013386931644830123,0.009052522497776782,-0.04157000510355949,1
63.19500000000001,-0.04382470119521787,-0.00767645669757477,0.011015255019577857,-0.05648600218218857,1
63.22833333333334,-0.0365809489315457,-0.015004609856532175,0.011229681421347847,-0.04151859929039952,1
63.26166666666667,-0.029337196667873527,-0.04423843193620392,0.006270557703424537,0.023080084992903403,1
63.296666666666674,-0.021731256791016514,-0.03992629379306381,0.005398717808364975,0.013620746279349193,1
63.330000000000005,-0.014487504527344342,-0.0425288530751838,0.002125892656851451,0.018938748057261034,1
63.36333333333334,-0.007243752263672171,-0.01163048537311679,0.005869686119552511,-0.05343506223609157,1
63.39666666666667,0.0,-0.007838648555616144,0.008948031702618,-0.055712877132226,1
63.43000000000001,0.007243752263673715,-0.015792798461666407,0.0023223096032163114,-0.03929097887263447,1
63.46333333333334,0.014487504527345886,-0.027874899966648235,-0.0041927086276983576,-0.01057270157968655,1
63.49666666666667,0.021731256791018057,-0.03964203406571952,-0.012659629204143407,0.02364227305939214,1
63.53,0.028975009054690228,-0.058535154948360375,-0.029073431863986286,0.07342152935269974,1
63.56333333333334,0.03621876131836394,-0.066291262997087,-0.03805853643769741,0.10628574681630597,1
63.59666666666667,0.043462513582036115,-0.0865902201279737,-0.044278318741022046,0.177444210253427,1
63.63,0.05070626584570828,-0.09467676456540783,-0.05156353520813237,0.21437897522000207,1
63.663333333333334,0.057950018109380455,-0.0861635399655941,-0.052561950013552225,0.21326489084657055,1
63.69666666666667,0.06519377037305417,-0.08364454844614423,-0.05691661759291234,0.22639548484410377,1
63.730000000000004,0.07243752263672634,-0.0853955491477009,-0.06593476282646972,0.24316114193066868,1
63.763333333333335,0.07968127490039852,-0.08513126156229774,-0.07237308183473798,0.2575460591417794,1
63.796666666666674,0.08692502716407223,-0.08365974594134055,-0.07806874214010756,0.2700919640508575,1
63.830000000000005,0.0941687794277444,-0.08113605457919656,-0.0824597165480615,0.28091182466659725,1
63.86333333333334,0.10141253169141656,-0.077126366831075,-0.0851150529679514,0.2889521675458633,1
63.89666666666667,0.10865628395508874,-0.0750910099313222,-0.09173996685114533,0.2977869598135538,1
63.93000000000001,0.11590003621876245,-0.07873738039696761,-0.09939848488359648,0.3144918577587931,1
63.96333333333334,0.12314378848243462,-0.06151528573108944,-0.09345141776906665,0.28695449689007546,1
63.99666666666667,0.13038754074610678,-0.05700273324476596,-0.09524469162436615,0.2846989871537586,1
64.03,0.13763129300977897,-0.03845095298519476,-0.08670731926268073,0.24871643459866896,1
64.06333333333333,0.14487504527345113,-0.030755766174244074,-0.08307674555540571,0.23586207978591603,1
64.09666666666666,0.15211879753712332,-0.04173065213664263,-0.09246192208733164,0.26162442049328055,1
64.13000000000001,0.15936254980079856,-0.050343640193977364,-0.0999784780188687,0.28095678921994555,1
64.16333333333334,0.16660630206447075,-0.02815891695538661,-0.08830316271601296,0.23940903604521718,1
64.19666666666667,0.1738500543281429,-0.03596241537668331,-0.0955430742876855,0.26181619942481504,1
64.23,0.18109380659181507,-0.014499448504181492,-0.0849756813264776,0.21816244316841224,1
64.26333333333334,0.18833755885548725,-0.02203079897459044,-0.09152719450897032,0.23682333468905636,1
64.29666666666667,0.1955813111191594,-0.026475513818859858,-0.09527945599372879,0.24873941750131542,1
64.33,0.2028250633828316,-0.029330333285682537,-0.09861317555320515,0.2553817491158311,1
64.36333333333334,0.21006881564650684,-0.030144808205976793,-0.0999458953179568,0.25708937208134985,1
64.39666666666668,0.21731256791017903,-0.054020120977747665,-0.1146602881051132,0.3073421430040489,1
64.43,0.2245563201738512,-0.05002892078945144,-0.11238157368704464,0.29494933465513656,1
64.46333333333334,0.23180007243752337,-0.04261440029819724,-0.10748834364909851,0.27761119608546975,1
64.49666666666667,0.23904382470119553,-0.02538420453288377,-0.09679984499154584,0.24033566917408303,1
64.53,0.2462875769648677,-0.02302602272172796,-0.0965493108030899,0.23880849522364464,1
64.56333333333333,0.2535313292285399,-0.03254701438089329,-0.10352767618799748,0.2626561658194331,1
64.59666666666666,0.26077508149221207,-0.05315145102015386,-0.11711272568478637,0.3098511656288574,1
64.63000000000001,0.2680188337558873,-0.05805772269481317,-0.1190128455307284,0.3248452191872494,1
64.66333333333334,0.2752625860195595,-0.04724587694621255,-0.10947491898856544,0.3075522779561749,1
64.69666666666667,0.28250633828323163,-0.049186980556014934,-0.10896270243706739,0.31581455813229653,1
64.73,0.2897500905469038,-0.03225339827594358,-0.09909237466796363,0.2787659956266844,1
64.76333333333334,0.296993842810576,-0.032036609218073525,-0.10237883921557751,0.27311852968162853,1
64.79666666666667,0.30423759507424813,-0.019504859564163268,-0.10004909975502614,0.24052767882234452,1
64.83,0.3114813473379203,0.0007794649460465014,-0.09324189267765828,0.19566026649227936,1
64.86333333333334,0.31872509960159556,0.03219082237911857,-0.0812713331732083,0.13474470548778875,1
64.89666666666668,0.32596885186526775,0.045818065080194245,-0.0781248033179964,0.12680010337728764,1
64.93,0.33321260412893994,0.06295057388009515,-0.0713612443544344,0.11710062372768303,1
64.96333333333334,0.3404563563926121,0.05456043600022912,-0.07961345540624377,0.16775392904287226,1
64.99666666666667,0.34770010865628426,0.05800659342184665,-0.07926483146293933,0.19574359532537977,1
65.03,0.35494386091995644,0.06721201225335849,-0.07512153867540979,0.2056571486974224,1
65.06333333333333,0.36218761318362863,0.09060458462068646,-0.06366543485756913,0.1798919889859809,1
65.09666666666666,0.36943136544730076,0.10379170478484644,-0.05824094612721443,0.17410057532651196,1
65.13000000000001,0.37667511771097606,0.11209999269629388,-0.05678853221826648,0.17552870295151907,1
65.16333333333334,0.3839188699746482,0.11778296791372511,-0.05761017408952632,0.18240759712137639,1
65.19666666666667,0.3911626222383204,0.12786037565671837,-0.05369203023027747,0.18759760049139002,1
65.23,0.39840637450199257,0.14348363690123947,-0.044074564094669255,0.18834261177366182,1
65.26333333333334,0.4056501267656647,0.1651372323671484,-0.028354300184820578,0.18421583981421524,1
65.29666666666667,0.4128938790293369,0.18704792556529856,-0.014713007382131613,0.17895063283175539,1
65.33,0.4201376312930091,0.20686047518320658,-0.006614135865442158,0.17485562229561086,1
65.36333333333334,0.4273813835566843,0.22609468751704234,-0.0017922262414909315,0.17074612256576738,1
65.39666666666668,0.4346251358203565,0.24475056256679245,-0.00024727851028085785,0.16662213364222797,1
65.43,0.4418688880840287,,,,0
65.46333333333334,0.4491126403477008,,,,0
65.49666666666667,0.456356392611373,,,,0
65.53,0.4636001448750452,,,,0
65.56333333333333,0.4708438971387173,,,,0
65.59666666666666,0.4780876494023895,,,,0
65.63000000000001,0.48533140166606475,,,,0
65.66333333333334,0.49257515392973694,,,,0
65.69666666666667,0.49981890619340913,,,,0
65.73,0.5070626584570813,0.5798201709160908,0.0034595646206141903,0.052528043831046076,1
65.76333333333334,0.5143064107207534,0.6162471015351928,-0.002321111162589175,0.03707791178606701,1
65.79666666666667,0.5215501629844256,0.6521565683586982,-0.007009489785128565,0.022389556942976573,1
65.83,0.5287939152480978,0.6875485713866017,-0.010605571247005651,0.008462979301775368,1
65.86333333333334,0.5360376675117731,0.7276118453713678,-0.00859698114997205,-0.009536043650128214,1
65.89666666666668,0.5432814197754452,0.7576990585225144,-0.013642920504145045,-0.016820228643268768,1
65.93,0.5505251720391174,0.7913214329672368,-0.01564019652148029,-0.02917830130621275,1
65.96333333333334,0.5577689243027896,0.8249220401797227,-0.016418449557141928,-0.04192417160082123,1
65.99666666666667,0.5650126765664617,0.8476662657239348,-0.02268825338571701,-0.04972498073342445,1
66.03,0.572256428830134,0.862237860615469,-0.032342063219721724,-0.050467535304193775,1
66.06333333333333,0.5795001810938061,0.8703631971987894,-0.04026694971828855,-0.049039984585769324,1
66.09666666666666,0.5867439333574782,0.8789152766734923,-0.042537610791514684,-0.04880747916215257,1
66.13000000000001,0.5939876856211536,0.887441680066257,-0.044008392811810265,-0.053425298038994984,1
66.16333333333334,0.6012314378848257,0.8952636621394556,-0.0436843000977056,-0.06235920155555368,1
66.19666666666667,0.6084751901484978,0.9057280762945178,-0.041469325041622096,-0.0755439870915084,1
66.23,0.6157189424121701,0.9147277758059614,-0.04222336463538839,-0.08596392681817193,1
66.26333333333334,0.6229626946758422,0.9249580511530051,-0.04174703816393824,-0.09827418426403647,1
66.29666666666667,0.6302064469395143,0.9382075885748282,-0.03894528022240229,-0.11288357266407924,1
66.33,0.6374501992031866,0.9458137714528884,-0.04070759213451017,-0.12091222844681876,1
66.36333333333334,0.6446939514668618,0.9555856613876403,-0.038955578080104206,-0.13091468474341536,1
66.39666666666668,0.651937703730534,0.96459643900787,-0.03930621991355711,-0.13780930742187383,1
66.43,0.6591814559942062,0.9694826246248479,-0.0434578904136437,-0.1399453931897237,1
66.46333333333334,0.6664252082578783,0.9776037416532664,-0.04594531503803702,-0.14381727357966606,1
66.49666666666667,0.6736689605215505,0.9884033751023605,-0.0442506562279711,-0.15134029810152996,1
66.53,0.6809127127852227,0.9934552915424187,-0.04338539727532326,-0.15619829624126602,1
66.56333333333333,0.6881564650488948,0.9996251966176529,-0.0372623157491517,-0.1664525235885087,1
66.59666666666666,0.695400217312567,0.9994207694252772,-0.03576919025582122,-0.17069460191406854,1
66.63000000000001,0.7026439695762423,0.9932822278694887,-0.037913737787844425,-0.1718326014363528,1
66.66333333333334,0.7098877218399144,0.9874761029277437,-0.041151536528645866,-0.17235253806509293,1
66.69666666666667,0.7171314741035866,0.9865553642790125,-0.041893697737449116,-0.17596947172942787,1
66.73,0.7243752263672588,0.9855343784796987,-0.042412328149984684,-0.17857208042273656,1
66.76333333333334,0.731618978630931,0.9870116736409541,-0.03807861466763381,-0.18633311399927158,1
66.79666666666667,0.7388627308946031,0.9854662263164283,-0.03493519261728515,-0.19052285436476527,1
66.83,0.7461064831582753,0.9786396497034597,-0.03057935697410399,-0.16696418284607825,1
66.86333333333334,0.7533502354219506,0.9787560566589689,-0.03549859739341566,-0.23673319619554825,1
66.89833333333334,0.760956175298806,0.9753251632041382,-0.04050638371736159,-0.2793270554063892,1
66.93166666666667,0.7681999275624782,0.9697884628191775,-0.04268433599113732,-0.2921787106366257,1
66.965,0.7754436798261504,0.9596081904320918,-0.045252246712584925,-0.27549028881777426,1
66.99833333333333,0.7826874320898225,0.9492434999931214,-0.042598300667971406,-0.2332233257463806,1
67.03166666666667,0.7899311843534947,0.9434077145855458,-0.03325161585600754,-0.1697208325790623,1
67.065,0.7971749366171669,0.948994468547314,-0.03003721669532497,-0.20347313503707218,1
67.09833333333334,0.8044186888808421,0.945424577138287,-0.02913388437337676,-0.2070856265400423,1
67.13166666666667,0.8116624411445142,0.9430508639564468,-0.026055083689204277,-0.21359507045231385,1
67.165,0.8189061934081865,0.9394225897326588,-0.02518250033253538,-0.2187279933730372,1
67.19833333333334,0.8261499456718586,0.9334385023879832,-0.026109734826609776,-0.22242064150339924,1
67.23166666666667,0.8333936979355308,0.9318672922258684,-0.02519406823824218,-0.2272488025760673,1
67.265,0.840637450199203,0.9355521216771048,-0.01997920055236191,-0.23532280212118686,1
67.29833333333333,0.8478812024628751,0.9355535958089688,-0.018019773550808787,-0.23935411859080652,1
67.33166666666668,0.8551249547265504,0.938892100381092,-0.012223163039342155,-0.24565616980557217,1
67.36500000000001,0.8623687069902226,0.9407737537622121,-0.008251539544022865,-0.2508111124750537,1
67.39833333333334,0.8696124592538947,0.9385621688901791,-0.008985757261758712,-0.2518325142925777,1
67.43166666666667,0.8768562115175669,0.9356679270365018,-0.011270309446463051,-0.25091086270569335,1
67.465,0.8840999637812391,0.9361168531582276,-0.008786359669548901,-0.2547092019327388,1
67.49833333333333,0.8913437160449112,0.9346511390297185,-0.007557835660453079,-0.2552253070445447,1
67.53166666666667,0.8985874683085834,0.9332367268769982,-0.004669911173724846,-0.2552999377508289,1
67.565,0.9058312205722556,0.9309299553008067,-0.004915326901298613,-0.2545098129585315,1
67.59833333333334,0.9130749728359309,0.9284593990966413,-0.007132381408209174,-0.2509337794926988,1
67.63166666666667,0.920318725099603,0.9254855284066922,-0.009285623196173966,-0.24886308932067525,1
67.665,0.9275624773632752,0.9282041233587509,-0.005370663910246015,-0.2523533414852698,1
67.69833333333334,0.9348062296269474,0.9285236099368129,-0.002156491878282663,-0.2546667543722012,1
67.73166666666667,0.9420499818906195,0.9311084005851736,0.002531233691600008,-0.25875715280985256,1
67.765,0.9492937341542917,0.931763810983952,0.0022254037702534187,-0.25864561675632936,1
67.79833333333333,0.9565374864179639,0.9298833791604557,-0.0012737554394030343,-0.25739356010544,1
67.83166666666668,0.9637812386816391,0.9276691010581694,-0.0039145811331978515,-0.2554032319996658,1
67.86500000000001,0.9710249909453114,0.9286225853897637,-0.001781093214915869,-0.2565430039526451,1
67.89833333333334,0.9782687432089835,0.9259173055611561,-0.0023162207285194547,-0.25355378945836854,1
67.93166666666667,0.9855124954726556,0.9260510370213311,-0.0006778071278670672,-0.2525050940637938,1
67.965,0.9927562477363279,0.9255303228514691,0.0003250431783383371,-0.2504653367415783,1
67.99833333333333,1.0,0.9260109969835923,0.0015085958718910818,-0.2529946506293423,1
68.03166666666667,1.0072437522636721,0.9283869662587544,0.0033253761709446787,-0.25490568391216745,1
68.065,1.0144875045273443,0.9305513597114586,0.0048687881289089605,-0.25801721766292,1
68.09833333333334,1.0217312567910195,0.9328006489651781,0.0060509849239539166,-0.2598977604014518,1
68.13166666666667,1.0289750090546919,0.9316426361796374,0.004906588886760042,-0.2580979585567879,1
68.165,1.036218761318364,0.9314200432885127,0.005545853274867202,-0.25709466847455176,1
68.19833333333334,1.0434625135820361,0.9292267835605953,0.004054183793571607,-0.25381869299762383,1
68.23166666666667,1.0507062658457083,0.9305364219472745,0.006168164658932674,-0.25647724625768836,1
68.265,1.0579500181093804,0.9335983162288009,0.009331965261656147,-0.26060829420714576,1
68.29833333333333,1.0651937703730525,0.9386498173192991,0.014701048959912979,-0.2680815694956654,1
68.33166666666668,1.072437522636728,0.9422244406517202,0.019795968278336924,-0.27459321574423645,1
68.36500000000001,1.0796812749004001,0.9378655581891581,0.021926571118846938,-0.2537536464799377,1
68.39833333333334,1.0869250271640722,0.9401979581296273,0.009175653920048278,-0.29931213904706544,1
68.43166666666667,1.0941687794277444,0.9457086152687717,0.005409625307869285,-0.3321665817983659,1
68.465,1.1014125316914165,0.9502242349298295,0.0044616687951679135,-0.3430367146090037,1
68.49833333333333,1.1086562839550886,0.9547301373741093,0.011498684121296109,-0.3393027810478826,1
68.53166666666667,1.115900036218761,0.9569948036265806,0.021663782995816613,-0.3159483620231966,1
68.565,1.1231437884824331,0.9457491485977912,0.02497980876645243,-0.26373682276307114,1
68.59833333333334,1.1303875407461084,0.9465782320765147,0.019845078952875527,-0.28563874178376986,1
68.63166666666667,1.1376312930097805,0.9471083549779697,0.019428428367506176,-0.28786221068214674,1
68.665,1.1448750452734526,0.9486337907577305,0.015228000762390611,-0.2839440863995531,1
68.69833333333334,1.1521187975371248,0.9526096690812477,0.01695892766152001,-0.28478810854972636,1
68.73166666666667,1.1593625498007971,0.9541854870528222,0.016124646503879674,-0.283584848101138,1
68.765,1.1666063020644692,0.9499209693693615,0.011193973149663368,-0.27956889096953247,1
68.79833333333333,1.1738500543281414,0.9425558932414082,0.017272841058815578,-0.26411433635887493,1
68.83166666666668,1.1810938065918166,0.9511565356819335,0.004109665705919105,-0.2944028434770056,1
68.86500000000001,1.1883375588554888,0.9811372015196373,-0.023207434699065804,-0.36005539945016996,1
68.89833333333334,1.1955813111191609,0.9961519046788491,-0.037335306788819966,-0.3910535777066664,1
68.93166666666667,1.2028250633828332,0.9964873535960375,-0.03839645382647464,-0.388301637015733,1
68.965,1.2100688156465054,0.9778117572133065,-0.019816538677366952,-0.33671539388169297,1
68.99833333333333,1.2173125679101775,0.9715502547289476,-0.0014122788206523086,-0.3081650296647275,1
69.03166666666667,1.2245563201738496,0.9670759335835906,0.007436792737821975,-0.29986108876538226,1
69.065,1.2318000724375218,1.0027959056783002,-0.011562316139625151,-0.35481508171261106,1
69.09833333333334,1.239043824701197,1.0046959940893254,-0.014879648222432118,-0.355455150208149,1
69.13166666666667,1.2462875769648691,1.0061934482181512,-0.020475857469134287,-0.3480566547588477,1
69.165,1.2535313292285415,1.0090897868802091,-0.02002437581250659,-0.3301842451237115,1
69.19833333333334,1.2607750814922136,1.0427369011148329,-0.03310631835236295,-0.37004064821766675,1
69.23166666666667,1.2680188337558858,1.0392037055058025,-0.024747092163979766,-0.3563501785083671,1
69.265,1.2752625860195579,1.0381753883181615,-0.023907344356486466,-0.3541559877834966,1
69.29833333333333,1.28250633828323,0.9992558044242353,1.4861946308487226e-05,-0.308505570890888,1
69.33166666666668,1.2897500905469053,0.9846887311669114,0.006641200274008229,-0.2912207099675966,1
69.36500000000001,1.2969938428105776,0.9972323902291692,0.00271014321908335,-0.30250278772136435,1
69.39833333333334,1.3042375950742497,1.0317097152810217,-0.012192516499942536,-0.3362884354519001,1
69.43166666666667,1.3114813473379219,1.055374581903284,-0.02130513955117153,-0.3539916590291286,1
69.465,1.318725099601594,1.0690230995534642,-0.028916112549540927,-0.36011418663530437,1
69.49833333333333,1.3259688518652661,1.0705486911739688,-0.03082108680464951,-0.3520224722191654,1
69.53166666666667,1.3332126041289385,1.0582351812314286,-0.026836554942203234,-0.3389446130028309,1
69.565,1.3404563563926106,1.0359317603919849,-0.0157729299117884,-0.321373074171213,1
69.59833333333334,1.3477001086562859,0.9986408036712453,-0.001427103737594921,-0.29322911050817163,1
69.63166666666667,1.354943860919958,0.9857847422836136,0.00603274692656958,-0.28127046988688276,1
69.665,1.3621876131836301,0.9987178175911267,0.0038967582336034245,-0.29339705106392294,1
69.69833333333334,1.3694313654473023,1.040232988234624,-0.01361981884109945,-0.32558408091472857,1
69.73166666666667,1.3766751177109744,1.0518168304478723,-0.01734445698312753,-0.3379078803402049,1
69.765,1.3839188699746467,1.0345417370017143,-0.01085326827663081,-0.3254085528706625,1
69.79833333333333,1.3911626222383189,1.0127734692021946,-0.0026599731394178813,-0.3135369196014157,1
69.83166666666668,1.3984063745019941,1.0160512221402243,-0.006333444549098718,-0.321652893452298,1
69.86500000000001,1.4056501267656663,1.0172290999182056,-0.005417506100227654,-0.32853149906393436,1
69.89833333333334,1.4128938790293384,1.0182185912578061,-0.002584429609248934,-0.32580019071231836,1
69.93166666666667,1.4201376312930105,1.0124088925982715,-0.00015203066328378303,-0.32856333276079663,1
69.965,1.4273813835566829,1.0121108949446218,0.0023983932746163327,-0.338068356010828,1
69.99833333333333,1.434625135820355,1.0162054347974019,0.0037944263140670203,-0.3471150731323974,1
70.03166666666667,1.4418688880840271,1.0140303269686013,0.003904473422886914,-0.34302885801252025,1
70.065,1.4491126403476993,1.015700990663557,0.003172725934700459,-0.3498291276681105,1
70.09833333333334,1.4563563926113745,0.9923497894479916,0.015116556203736815,-0.3200358760016986,1
70.13166666666667,1.4636001448750466,0.9940653477502677,0.010921057894795461,-0.3271170353202683,1
70.165,1.470843897138719,1.0210082956635915,-0.00018019604374970872,-0.3757500311794372,1
70.19833333333334,1.4780876494023911,1.014345383517611,0.0014479675798370435,-0.37290716140348823,1
70.23166666666667,1.4853314016660633,1.0107686902744946,0.0012606635039628265,-0.379810832969576,1
70.265,1.4925751539297354,1.0071834306168914,0.0033447440548727177,-0.37727004455931196,1
70.29833333333333,1.4998189061934075,1.0045460240058386,0.009268111308735921,-0.36908783104889653,1
70.33166666666668,1.5070626584570828,1.0038294544647626,0.010662069292897296,-0.3601867657699963,1
70.36500000000001,1.5143064107207551,1.000867844918109,0.010915384565617959,-0.3571803583656228,1
70.39833333333334,1.5215501629844272,0.9824166944353411,0.020860450204072012,-0.32390607875417665,1
70.43166666666667,1.5287939152480994,0.9784155886914241,0.022176345788549337,-0.3222782057292773,1
70.465,1.5360376675117715,0.9645496218643387,0.032450586141306054,-0.30057005373557794,1
70.49833333333333,1.5432814197754436,0.966823961043821,0.027706822708355342,-0.308804055448064,1
70.53166666666667,1.5505251720391158,0.9600145311165644,0.024518755103520203,-0.30536440766490863,1
70.56666666666668,1.5581311119159744,0.951342629029854,0.01874196408226677,-0.29979422830883257,1
70.60000000000001,1.5653748641796466,0.947463289897006,0.015903771794525637,-0.29649367427628887,1
70.63333333333334,1.5726186164433187,0.9498242820945121,0.019904067195814487,-0.30300714541782625,1
70.66666666666667,1.579862368706991,0.953227106750757,0.031694138736649224,-0.28736280896020283,1
70.7,1.5871061209706632,0.9608995999571373,0.026206456118260106,-0.3527960844654322,1
70.73333333333333,1.5943498732343353,0.9657765564319228,0.02426324985173882,-0.3931695839791118,1
70.76666666666667,1.6015936254980074,0.9619840519843731,0.019783699573134587,-0.4028045056581588,1
70.80000000000001,1.6088373777616827,0.9510404407750987,0.014643784406357576,-0.382663351853763,1
70.83333333333334,1.6160811300253548,0.9447139670009755,0.021462336932427887,-0.3480597676741624,1
70.86666666666667,1.623324882289027,0.9368581341328317,0.03409047319464897,-0.2916610175918697,1
70.9,1.6305686345526993,0.9416705476167786,0.03579386022722154,-0.3221379906973273,1
70.93333333333334,1.6378123868163714,0.9472508485636454,0.041951545763643364,-0.3306200109463791,1
70.96666666666667,1.6450561390800436,0.9413987942918093,0.034846168567986925,-0.3234006757284225,1
71.0,1.6522998913437157,0.9289849939942235,0.019147471347195,-0.30458541359213315,1
71.03333333333333,1.6595436436073878,0.9173523825442909,0.007288276397527402,-0.2894929831881224,1
71.06666666666668,1.666787395871063,0.9065513099048914,-0.001873049439978416,-0.27872355786209124,1
71.10000000000001,1.6740311481347354,0.9029464293248399,-0.0045784702707620095,-0.2754948272647101,1
71.13333333333334,1.6812749003984075,0.9077953675327285,0.0008930229682159065,-0.2830584730448443,1
71.16666666666667,1.6885186526620797,0.9090574823760407,0.0017451005654680958,-0.28739255585238516,1
71.2,1.6957624049257518,0.9125465852420667,0.003949556113463614,-0.29149421921376334,1
71.23333333333333,1.703006157189424,0.9148184188523691,0.007466694136784266,-0.2971711868822434,1
71.26666666666667,1.710249909453096,0.9123957842079672,0.0057627545832152904,-0.2962102659749597,1
71.30000000000001,1.7174936617167715,0.9095337788525361,0.0032347384809583352,-0.2929870969619699,1
71.33333333333334,1.7247374139804437,0.9085241567649687,0.0016445350800286826,-0.28982557663961156,1
71.36666666666667,1.7319811662441158,0.9052550846606668,-0.0015245586510644865,-0.28668846119085295,1
71.4,1.739224918507788,0.9049961449266888,-0.0015563321663036168,-0.28608629869750607,1
71.43333333333334,1.74646867077146,0.9044943688142726,-0.002001836373441559,-0.2865615934748599,1
71.46666666666667,1.7537124230351322,0.9011498894857515,-0.005928179187282743,-0.2839345731365524,1
71.5,1.7609561752988045,0.8975272432764714,-0.009759230064192529,-0.2797429700149277,1
